participant,condition,object,trial_num,fragile_survived,peak_force_proxy,peak_depth_mm,time_to_first_contact_s,force_overshoot_proxy,approach_rate_mm_s,n_force_reversals_post_plateau,time_above_90pct_peak_s
P01,lra,deformable,1,,,0.4939,6.8257,,0.31621142910412997,,
P01,lra,deformable,2,,,0.3941,5.3512,,1.4706288873531508,,
P01,lra,deformable,3,,,0.4909,6.5559,,0.1323890163804701,,
P01,lra,deformable,4,,,0.5152,6.1638,,0.35549231644849183,,
P01,lra,deformable,5,,,0.5035,4.0858,,0.23691230410136704,,
P01,lra,fragile,1,1.0,,0.9842,5.0938,,1.0078124999999991,,
P01,lra,fragile,2,0.0,,0.9842,4.749,,0.9337979094076629,,
P01,lra,fragile,3,1.0,,0.8552,5.8897,,,,
P01,lra,fragile,4,1.0,,0.8552,5.7013,,0.4034504590060145,,
P01,lra,fragile,5,0.0,,0.9842,5.7841,,0.5323574042667142,,
P01,em,deformable,1,,,0.4959,5.0296,,0.43190013869625515,,
P01,em,deformable,2,,,0.4454,3.6185,,3.580495356037152,,
P01,em,deformable,3,,,0.4394,5.1738,,4.36477987421385,,
P01,em,deformable,4,,,0.4646,2.3451,,1.1125779244591127,,
P01,em,deformable,5,,,0.4395,7.6304,,0.48049921996879663,,
P01,em,fragile,1,0.0,,0.9842,4.4938,,,,
P01,em,fragile,2,1.0,,0.8123,5.5534,,0.2784604187181573,,
P01,em,fragile,3,0.0,,0.9097,5.2973,,,,
P01,em,fragile,4,0.0,,0.9842,9.893,,5.753328661527696,,
P01,em,fragile,5,0.0,,0.9842,5.1527,,1.6084788029925268,,
P01,visual_only,deformable,1,,,0.246,7.6895,,0.03585217870932156,,
P01,visual_only,deformable,2,,,0.0,,,,,
P01,visual_only,deformable,3,,,0.1632,9.7642,,,,
P01,visual_only,deformable,4,,,0.3766,5.3084,,1.1126102750389189,,
P01,visual_only,deformable,5,,,0.0,,,,,
P01,visual_only,fragile,1,1.0,,0.9842,4.8129,,4.213888888888885,,
P01,visual_only,fragile,2,0.0,,0.9842,4.4807,,10.369811320754671,,
P01,visual_only,fragile,3,1.0,,0.9842,3.4965,,0.8946540880503163,,
P01,visual_only,fragile,4,1.0,,0.9842,4.4265,,0.67361835245047,,
P01,visual_only,fragile,5,0.0,,0.9842,4.5473,,0.7248322147651018,,
P02,lra,deformable,1,,,0.2912,2.944,,0.2581215169226587,,
P02,lra,deformable,2,,,0.2309,2.971,,0.20387742338961862,,
P02,lra,deformable,3,,,0.3593,2.6836,,0.42135533883470905,,
P02,lra,deformable,4,,,0.3317,8.5667,,0.2551470588235297,,
P02,lra,deformable,5,,,0.36,2.6902,,0.3245132301547676,,
P02,lra,fragile,1,1.0,,0.857,4.21,,1.6676272814601332,,
P02,lra,fragile,2,0.0,,0.9058,3.0218,,1.73392857142857,,
P02,lra,fragile,3,1.0,,0.7594,5.3563,,1.4735830931796368,,
P02,lra,fragile,4,1.0,,0.815,5.3614,,1.1013513513513502,,
P02,lra,fragile,5,1.0,,0.9842,3.1575,,1.7660714285714292,,
P02,em,deformable,1,,,0.3367,3.3462,,1.3245942571785294,,
P02,em,deformable,2,,,0.3774,5.03,,0.06021261056560902,,
P02,em,deformable,3,,,0.3029,5.4383,,0.3587217683805864,,
P02,em,deformable,4,,,0.3529,7.2906,,0.20603717716729744,,
P02,em,deformable,5,,,0.377,2.1066,,0.09774436090225566,,
P02,em,fragile,1,1.0,,0.8552,3.3561,,2.031296572280178,,
P02,em,fragile,2,1.0,,0.976,2.6886,,3.9100529100529102,,
P02,em,fragile,3,1.0,,0.9754,3.4348,,2.124707107524082,,
P02,em,fragile,4,1.0,,0.8007,5.906,,0.6613680154142574,,
P02,em,fragile,5,1.0,,0.9061,3.7466,,2.7466346153846124,,
P02,visual_only,deformable,1,,,0.223,3.6395,,0.2824726134585292,,
P02,visual_only,deformable,2,,,0.2075,3.4965,,0.4766355140186924,,
P02,visual_only,deformable,3,,,0.2135,3.5551,,0.3834006610356225,,
P02,visual_only,deformable,4,,,0.21,3.8975,,0.16740667653346478,,
P02,visual_only,deformable,5,,,0.2537,3.9623,,0.07917326443870318,,
P02,visual_only,fragile,1,1.0,,0.9839,3.6936,,1.1277664630006783,,
P02,visual_only,fragile,2,1.0,,0.9841,3.4233,,1.4316758747697969,,
P02,visual_only,fragile,3,1.0,,0.8816,4.7758,,1.7390732829444655,,
P02,visual_only,fragile,4,0.0,,0.9842,10.4923,,2.4309806371018126,,
P02,visual_only,fragile,5,1.0,,0.9842,7.3652,,3.9942112879884215,,
P03,lra,deformable,1,,,0.391,2.9059,,0.5242926829268292,,
P03,lra,deformable,2,,,0.6118,2.1656,,0.44950603732162453,,
P03,lra,deformable,3,,,0.4601,1.8901,,0.44221329763498446,,
P03,lra,deformable,4,,,0.4882,2.3634,,0.6771619581626047,,
P03,lra,deformable,5,,,0.3822,2.0872,,0.5379810094952525,,
P03,lra,fragile,1,1.0,,0.9842,2.4285,,2.157031249999998,,
P03,lra,fragile,2,0.0,,0.9842,3.4956,,1.572549019607844,,
P03,lra,fragile,3,1.0,,0.976,2.692,,3.8012508686587925,,
P03,lra,fragile,4,1.0,,0.8552,3.6273,,2.7550860719874772,,
P03,lra,fragile,5,0.0,,0.9842,2.8965,,1.7443298969072252,,
P03,em,deformable,1,,,0.3914,2.5628,,1.7452631578947408,,
P03,em,deformable,2,,,0.2566,2.2146,,0.277183929229635,,
P03,em,deformable,3,,,0.2536,2.1454,,0.4344695151224197,,
P03,em,deformable,4,,,0.2802,2.1014,,0.2560375670840787,,
P03,em,deformable,5,,,0.3154,2.1605,,0.2873911397198031,,
P03,em,fragile,1,1.0,,0.9842,2.5518,,10.057644110275676,,
P03,em,fragile,2,0.0,,0.9842,2.5572,,2.6333798882681565,,
P03,em,fragile,3,1.0,,0.9842,7.3602,,5.380062305295909,,
P03,em,fragile,4,0.0,,0.9842,1.4973,,,,
P03,em,fragile,5,1.0,,0.9842,1.8742,,3.992784992784993,,
P03,visual_only,deformable,1,,,0.3001,1.5482,,0.13652148030558586,,
P03,visual_only,deformable,2,,,0.2907,2.0189,,0.8898186889818678,,
P03,visual_only,deformable,3,,,0.436,1.6079,,0.32008002000500124,,
P03,visual_only,deformable,4,,,0.2735,2.6891,,0.21547483919788127,,
P03,visual_only,deformable,5,,,0.4629,4.9608,,1.0705103233346305,,
P03,visual_only,fragile,1,0.0,,0.9842,1.9451,,12.74844720496894,,
P03,visual_only,fragile,2,0.0,,0.9842,1.7655,,,,
P03,visual_only,fragile,3,0.0,,0.9842,2.1491,,4.8050713153724125,,
P03,visual_only,fragile,4,1.0,,0.9842,2.9427,,3.2200516033910787,,
P03,visual_only,fragile,5,0.0,,0.9842,1.8897,,,,
P04,lra,deformable,1,,,0.6081,2.1429,,1.6904937361827568,,
P04,lra,deformable,2,,,0.6404,1.748,,0.14191542288557213,,
P04,lra,deformable,3,,,0.5685,2.155,,,,
P04,lra,deformable,4,,,0.506,2.4889,,2.405274115197781,,
P04,lra,deformable,5,,,0.5899,1.4226,,1.6809672386895491,,
P04,lra,fragile,1,1.0,,0.9842,2.7475,,9.345679012345684,,
P04,lra,fragile,2,1.0,,0.9842,3.1728,,2.6042008532983263,,
P04,lra,fragile,3,1.0,,0.984,3.3446,,4.04144578313253,,
P04,lra,fragile,4,1.0,,0.9842,2.1531,,2.101728890002504,,
P04,lra,fragile,5,1.0,,0.9842,2.4264,,3.2167641325536067,,
P04,em,deformable,1,,,0.5273,4.3778,,,,
P04,em,deformable,2,,,0.5347,3.3514,,0.7912371134020609,,
P04,em,deformable,3,,,0.5526,3.1699,,3.283924843423811,,
P04,em,deformable,4,,,0.5441,2.4132,,2.0263565891472797,,
P04,em,deformable,5,,,0.5519,2.4158,,1.8763285024154601,,
P04,em,fragile,1,1.0,,0.9842,3.2199,,1.3180464562239433,,
P04,em,fragile,2,1.0,,0.9842,3.0108,,8.72113022113023,,
P04,em,fragile,3,1.0,,0.9842,1.8163,,4.302652106084245,,
P04,em,fragile,4,1.0,,0.9842,2.9026,,1.0035938903863428,,
P04,em,fragile,5,1.0,,0.9842,2.1559,,1.26291079812206,,
P04,visual_only,deformable,1,,,0.7629,2.6876,,1.2854914196567895,,
P04,visual_only,deformable,2,,,0.7743,2.5482,,1.1379807692307684,,
P04,visual_only,deformable,3,,,0.7604,1.7632,,1.5029354207436407,,
P04,visual_only,deformable,4,,,0.7523,2.8351,,2.305323590814199,,
P04,visual_only,deformable,5,,,0.6825,2.6921,,0.6842445114076627,,
P04,visual_only,fragile,1,1.0,,0.9842,4.0249,,6.826562499999993,,
P04,visual_only,fragile,2,1.0,,0.9842,4.4893,,6.006191950464439,,
P04,visual_only,fragile,3,1.0,,0.9842,4.0821,,1.1554033938672206,,
P04,visual_only,fragile,4,1.0,,0.9842,2.5588,,6.550735863671584,,
P04,visual_only,fragile,5,1.0,,0.9842,3.0969,,5.671083398285275,,
P05,lra,deformable,1,,,0.2239,4.9586,,0.09257329959815447,,
P05,lra,deformable,2,,,0.2064,3.8849,,0.01312145491165973,,
P05,lra,deformable,3,,,0.2808,4.6273,,0.0770979743695742,,
P05,lra,deformable,4,,,0.4609,4.5487,,0.2242592197825623,,
P05,lra,deformable,5,,,0.5758,2.9538,,0.31649054918886743,,
P05,lra,fragile,1,1.0,,0.7284,5.6199,,0.5661697036628018,,
P05,lra,fragile,2,1.0,,0.8551,7.6314,,1.4895586652314312,,
P05,lra,fragile,3,1.0,,0.7046,6.7492,,2.502777777777776,,
P05,lra,fragile,4,1.0,,0.7245,4.4833,,0.8113254823352548,,
P05,lra,fragile,5,1.0,,0.8052,4.0257,,2.3957115009746595,,
P05,em,deformable,1,,,0.1631,2.6882,,0.11244143675169191,,
P05,em,deformable,2,,,0.3911,4.0862,,0.7199404761904755,,
P05,em,deformable,3,,,0.2959,4.5614,,0.08309903155263978,,
P05,em,deformable,4,,,0.2222,3.5623,,0.08604302151075534,,
P05,em,deformable,5,,,0.1838,4.5618,,0.13437499999999983,,
P05,em,fragile,1,1.0,,0.9842,2.9601,,1.873923257635083,,
P05,em,fragile,2,1.0,,0.1632,3.6916,,,,
P05,em,fragile,3,1.0,,0.9558,4.09,,1.5565142364106974,,
P05,em,fragile,4,1.0,,0.8435,4.7002,,1.298344267416432,,
P05,em,fragile,5,1.0,,0.8552,3.3526,,0.7215384615384564,,
P05,visual_only,deformable,1,,,0.1672,4.8271,,,,
P05,visual_only,deformable,2,,,0.1631,6.348,,,,
P05,visual_only,deformable,3,,,0.1625,3.7511,,,,
P05,visual_only,deformable,4,,,0.3415,2.6868,,1.412822517591865,,
P05,visual_only,deformable,5,,,0.5747,4.5642,,2.119729307652255,,
P05,visual_only,fragile,1,0.0,,0.9842,2.8899,,0.902903946388682,,
P05,visual_only,fragile,2,1.0,,0.9842,5.0139,,2.26952748312439,,
P05,visual_only,fragile,3,1.0,,0.9842,3.2166,,3.2490421455938745,,
P05,visual_only,fragile,4,1.0,,0.374,3.5585,,2.2445482866043602,,
P05,visual_only,fragile,5,1.0,,0.9842,3.7496,,,,
P06,lra,deformable,1,,,0.2803,6.6263,,0.639175257731958,,
P06,lra,deformable,2,,,0.2392,3.828,,0.031658331989030494,,
P06,lra,deformable,3,,,0.3482,2.4163,,0.22222222222222227,,
P06,lra,deformable,4,,,0.2729,3.2891,,0.08219286448856893,,
P06,lra,deformable,5,,,0.3456,3.0813,,0.1999666722212964,,
P06,lra,fragile,1,1.0,,0.6032,3.3562,,3.3136792452830135,,
P06,lra,fragile,2,1.0,,0.5814,3.8872,,0.670013260087138,,
P06,lra,fragile,3,1.0,,0.9842,4.626,,3.369992144540457,,
P06,lra,fragile,4,1.0,,0.9062,4.7574,,1.7245908699397057,,
P06,lra,fragile,5,1.0,,0.9842,1.4292,,7.199821587867983,,
P06,em,deformable,1,,,0.1632,3.8269,,,,
P06,em,deformable,2,,,0.1736,6.1694,,0.046826222684703406,,
P06,em,deformable,3,,,0.3444,4.293,,0.5380536494073617,,
P06,em,deformable,4,,,0.3813,4.0998,,0.4111174350218175,,
P06,em,deformable,5,,,0.3632,3.4133,,0.33949468085106377,,
P06,em,fragile,1,1.0,,0.9842,4.2285,,1.584542271135568,,
P06,em,fragile,2,0.0,,0.9842,4.6867,,,,
P06,em,fragile,3,1.0,,0.9842,6.2999,,1.905651340996168,,
P06,em,fragile,4,1.0,,0.7776,5.0285,,0.497017892644135,,
P06,em,fragile,5,1.0,,0.662,5.6162,,0.508462104488595,,
P06,visual_only,deformable,1,,,0.2508,5.0225,,0.14804186360567198,,
P06,visual_only,deformable,2,,,0.1785,2.9541,,0.22278405710886387,,
P06,visual_only,deformable,3,,,0.1783,3.2906,,0.07271305707584058,,
P06,visual_only,deformable,4,,,0.1626,5.5003,,,,
P06,visual_only,deformable,5,,,0.0,,,,,
P06,visual_only,fragile,1,1.0,,0.9842,3.7732,,3.4537366548042687,,
P06,visual_only,fragile,2,1.0,,0.9842,3.0807,,3.215361999264981,,
P06,visual_only,fragile,3,1.0,,0.9842,2.3414,,3.4142581888246664,,
P06,visual_only,fragile,4,1.0,,0.2038,2.4213,,1.4616588419405359,,
P06,visual_only,fragile,5,0.0,,0.9842,2.0171,,3.1193502824858768,,
P07,lra,deformable,1,,,0.7739,3.8882,,0.44067553000359316,,
P07,lra,deformable,2,,,0.7793,6.6909,,0.4162699822380107,,
P07,lra,deformable,3,,,0.8547,1.3539,,2.752094972067039,,
P07,lra,deformable,4,,,0.8547,1.4205,,1.2768211920529802,,
P07,lra,deformable,5,,,0.8493,2.1501,,1.2804693414080242,,
P07,lra,fragile,1,1.0,,0.9842,3.2109,,2.017445917655269,,
P07,lra,fragile,2,1.0,,0.9842,1.4192,,3.016146788990826,,
P07,lra,fragile,3,1.0,,0.8843,3.418,,0.7308035714285717,,
P07,lra,fragile,4,0.0,,0.9842,1.7,,1.1510277033065217,,
P07,lra,fragile,5,1.0,,0.9842,3.0904,,2.2016546018614265,,
P07,em,deformable,1,,,0.4441,5.2277,,0.38565022421524664,,
P07,em,deformable,2,,,0.7618,2.5497,,0.2346660608814175,,
P07,em,deformable,3,,,0.7954,2.3768,,2.223482699943274,,
P07,em,deformable,4,,,0.8217,2.209,,1.761950286806883,,
P07,em,deformable,5,,,0.8008,2.4859,,1.9070796460177,,
P07,em,fragile,1,0.0,,0.9842,7.4954,,3.390015600624034,,
P07,em,fragile,2,0.0,,0.9842,6.0829,,1.1186440677966114,,
P07,em,fragile,3,1.0,,0.9842,2.8241,,1.6553618794998102,,
P07,em,fragile,4,0.0,,0.9842,3.8853,,,,
P07,em,fragile,5,1.0,,0.9842,3.0812,,1.4313075506445667,,
P07,visual_only,deformable,1,,,0.8552,4.6929,,1.2727607136288386,,
P07,visual_only,deformable,2,,,0.3735,4.1523,,0.33958122255994594,,
P07,visual_only,deformable,3,,,0.3917,3.2118,,0.4323383995605204,,
P07,visual_only,deformable,4,,,0.8143,3.294,,0.4865190540744086,,
P07,visual_only,deformable,5,,,0.8189,3.2327,,0.8861269268157201,,
P07,visual_only,fragile,1,0.0,,0.9842,4.6352,,,,
P07,visual_only,fragile,2,0.0,,0.9842,3.8939,,10.481832543443932,,
P07,visual_only,fragile,3,1.0,,0.9842,3.6828,,0.22805397362885435,,
P07,visual_only,fragile,4,1.0,,0.9842,3.8836,,2.8854961832060986,,
P07,visual_only,fragile,5,0.0,,0.9842,7.576,,4.39447907390916,,
P08,lra,deformable,1,,,0.1634,3.5663,,,,
P08,lra,deformable,2,,,0.1632,2.6919,,0.15015479876160973,,
P08,lra,deformable,3,,,0.2107,1.5477,,0.16256880733944948,,
P08,lra,deformable,4,,,0.5953,1.9519,,5.690625000000014,,
P08,lra,deformable,5,,,0.8021,1.8866,,1.861386138613862,,
P08,lra,fragile,1,1.0,,0.9842,2.7583,,4.159657320872286,,
P08,lra,fragile,2,1.0,,0.9842,1.7649,,,,
P08,lra,fragile,3,0.0,,0.9842,1.2124,,,,
P08,lra,fragile,4,1.0,,0.9842,1.8832,,5.942142298670841,,
P08,lra,fragile,5,1.0,,0.9842,1.6129,,5.577134986225896,,
P08,em,deformable,1,,,0.1632,2.4882,,,,
P08,em,deformable,2,,,0.4355,1.6189,,1.238144867118291,,
P08,em,deformable,3,,,0.374,1.7493,,,,
P08,em,deformable,4,,,0.378,1.8756,,0.31964285714285706,,
P08,em,deformable,5,,,0.3748,1.6157,,0.41194968553459055,,
P08,em,fragile,1,1.0,,0.9842,1.5559,,9.505477308294232,,
P08,em,fragile,2,1.0,,0.9842,1.7466,,4.218734910671172,,
P08,em,fragile,3,1.0,,0.9842,1.6861,,4.461218115564806,,
P08,em,fragile,4,0.0,,0.9842,1.3467,,3.4040561622464867,,
P08,em,fragile,5,1.0,,0.9842,3.0851,,4.14308093994778,,
P08,visual_only,deformable,1,,,0.1004,3.1515,,,,
P08,visual_only,deformable,2,,,0.0,,,,,
P08,visual_only,deformable,3,,,0.1665,1.5532,,,,
P08,visual_only,deformable,4,,,0.0,,,,,
P08,visual_only,deformable,5,,,0.0,,,,,
P08,visual_only,fragile,1,0.0,,0.9842,1.8909,,3.2051148225469728,,
P08,visual_only,fragile,2,0.0,,0.9842,1.4202,,0.3196060877350042,,
P08,visual_only,fragile,3,0.0,,0.9842,1.4939,,,,
P08,visual_only,fragile,4,0.0,,0.9842,1.6097,,,,
P08,visual_only,fragile,5,1.0,,0.9842,2.0795,,5.750700280112034,,
P09,lra,deformable,1,,,0.2504,4.4181,,0.18793793793793795,,
P09,lra,deformable,2,,,0.2274,3.8134,,0.30384271671134966,,
P09,lra,deformable,3,,,0.2085,5.815,,0.18195157740278814,,
P09,lra,deformable,4,,,0.2173,4.9536,,0.28196147110332737,,
P09,lra,deformable,5,,,0.2183,4.5529,,0.22626977518734415,,
P09,lra,fragile,1,1.0,,0.9842,4.7558,,2.017241379310345,,
P09,lra,fragile,2,1.0,,0.977,4.4249,,2.126343090033347,,
P09,lra,fragile,3,1.0,,0.984,2.8886,,0.4428349715468179,,
P09,lra,fragile,4,1.0,,0.5939,6.2277,,1.461119751166402,,
P09,lra,fragile,5,1.0,,0.9842,10.843,,4.5769031589849964,,
P09,em,deformable,1,,,0.2095,2.8231,,0.04096916299559471,,
P09,em,deformable,2,,,0.1676,5.3121,,0.1399176954732524,,
P09,em,deformable,3,,,0.1632,2.2191,,0.7554858934169268,,
P09,em,deformable,4,,,0.215,3.4851,,0.11375595088950143,,
P09,em,deformable,5,,,0.1653,3.085,,,,
P09,em,fragile,1,1.0,,0.9842,3.0899,,2.3164754953076145,,
P09,em,fragile,2,1.0,,0.9842,4.0131,,2.2323269513991137,,
P09,em,fragile,3,1.0,,0.9842,3.9557,,0.9980009995002501,,
P09,em,fragile,4,1.0,,0.9842,6.4242,,0.12210928757926137,,
P09,em,fragile,5,1.0,,0.9842,5.4327,,3.8214841722885247,,
P09,visual_only,deformable,1,,,0.1662,4.6217,,,,
P09,visual_only,deformable,2,,,0.1977,4.4942,,0.06920022688598976,,
P09,visual_only,deformable,3,,,0.1767,4.8895,,0.04114621601763408,,
P09,visual_only,deformable,4,,,0.1768,4.7604,,0.018786836935167004,,
P09,visual_only,deformable,5,,,0.1714,5.0828,,0.08168498168498146,,
P09,visual_only,fragile,1,1.0,,0.9842,4.833,,,,
P09,visual_only,fragile,2,1.0,,0.9842,4.0826,,2.7364771151178977,,
P09,visual_only,fragile,3,1.0,,0.9842,4.2923,,,,
P09,visual_only,fragile,4,1.0,,0.9842,3.3589,,6.097560975609756,,
P09,visual_only,fragile,5,0.0,,0.9842,3.2272,,2.8767624020887723,,
P10,lra,deformable,1,,,0.3318,2.6818,,0.48350226439508276,,
P10,lra,deformable,2,,,0.5962,1.6821,,0.7648578811369503,,
P10,lra,deformable,3,,,0.3774,1.2831,,0.6918271733472143,,
P10,lra,deformable,4,,,0.3769,2.1526,,0.3463338533541351,,
P10,lra,deformable,5,,,0.3633,2.9494,,0.44720379146919403,,
P10,lra,fragile,1,1.0,,0.901,5.2292,,,,
P10,lra,fragile,2,1.0,,0.969,2.7708,,1.6776564936511469,,
P10,lra,fragile,3,1.0,,0.3779,5.7536,,3.313271604938273,,
P10,lra,fragile,4,1.0,,0.7766,6.2892,,0.3423398482918997,,
P10,lra,fragile,5,1.0,,0.5961,3.2183,,2.9689011748445093,,
P10,em,deformable,1,,,0.578,1.82,,0.7774443610902726,,
P10,em,deformable,2,,,0.492,2.2891,,0.9170579029733947,,
P10,em,deformable,3,,,0.444,1.8891,,0.2128032008002,,
P10,em,deformable,4,,,0.3832,2.3457,,0.46375420067210776,,
P10,em,deformable,5,,,0.483,2.4218,,0.48104624715693745,,
P10,em,fragile,1,1.0,,0.9842,2.6825,,0.08034712146513728,,
P10,em,fragile,2,1.0,,0.9842,4.0913,,0.08924237789334148,,
P10,em,fragile,3,1.0,,0.4073,2.7581,,3.7335423197492372,,
P10,em,fragile,4,1.0,,0.9188,1.021,,0.12688993402986018,,
P10,em,fragile,5,0.0,,0.9842,2.6296,,0.11616455405094628,,
P10,visual_only,deformable,1,,,0.0,,,,,
P10,visual_only,deformable,2,,,0.0,,,,,
P10,visual_only,deformable,3,,,0.0,,,,,
P10,visual_only,deformable,4,,,0.0,,,,,
P10,visual_only,deformable,5,,,0.0,,,,,
P10,visual_only,fragile,1,1.0,,0.6828,2.9461,,1.534226190476191,,
P10,visual_only,fragile,2,1.0,,0.1914,4.8242,,,,
P10,visual_only,fragile,3,1.0,,0.7295,6.6281,,2.4548076923076905,,
P10,visual_only,fragile,4,1.0,,0.7303,3.7633,,1.7902973395931145,,
P10,visual_only,fragile,5,1.0,,0.6828,2.9461,,1.534226190476191,,
P11,lra,deformable,1,,,0.7187,3.8196,,0.44995544995544984,,
P11,lra,deformable,2,,,0.6536,3.0834,,0.9167612561483164,,
P11,lra,deformable,3,,,0.4997,2.2915,,0.577293461733401,,
P11,lra,deformable,4,,,0.5118,1.8762,,0.4932321880113044,,
P11,lra,deformable,5,,,0.4922,1.5483,,0.5479519657838461,,
P11,lra,fragile,1,0.0,,0.9842,3.2803,,2.964260929909787,,
P11,lra,fragile,2,1.0,,0.8053,4.494,,0.7526652452025586,,
P11,lra,fragile,3,1.0,,0.7436,2.8247,,1.042534205829864,,
P11,lra,fragile,4,1.0,,0.8048,3.8333,,2.0404040404040367,,
P11,lra,fragile,5,1.0,,0.7353,3.0261,,1.858667648141332,,
P11,em,deformable,1,,,0.1199,2.5551,,0.020394289598912322,,
P11,em,deformable,2,,,0.4142,4.1547,,1.2921498661909026,,
P11,em,deformable,3,,,0.3136,3.4905,,1.1812499999999986,,
P11,em,deformable,4,,,0.3403,2.8207,,0.47152847152847166,,
P11,em,deformable,5,,,0.4619,3.297,,1.635610766045555,,
P11,em,fragile,1,1.0,,0.8194,4.6852,,2.0183220829315354,,
P11,em,fragile,2,1.0,,0.5765,3.3546,,0.9683241252302022,,
P11,em,fragile,3,1.0,,0.8077,2.3649,,1.1485000000000003,,
P11,em,fragile,4,1.0,,0.804,3.2896,,1.2325231232523122,,
P11,em,fragile,5,1.0,,0.7428,2.6359,,0.8184322564487849,,
P11,visual_only,deformable,1,,,0.8537,2.5501,,1.1374485596707822,,
P11,visual_only,deformable,2,,,0.7628,1.8996,,2.2186520376175562,,
P11,visual_only,deformable,3,,,0.8033,1.6112,,2.8967339097022102,,
P11,visual_only,deformable,4,,,0.8347,1.6079,,1.195652173913044,,
P11,visual_only,deformable,5,,,0.8175,2.0081,,1.3026442307692312,,
P11,visual_only,fragile,1,0.0,,0.9842,4.5543,,1.8935474278917606,,
P11,visual_only,fragile,2,0.0,,0.9842,3.8191,,3.550667714061273,,
P11,visual_only,fragile,3,1.0,,0.6478,4.0213,,1.1963636363636367,,
P11,visual_only,fragile,4,1.0,,0.9723,3.4782,,1.06346153846154,,
P11,visual_only,fragile,5,1.0,,0.8552,4.3435,,1.6693459992692687,,
P12,lra,deformable,1,,,0.1631,5.8318,,0.0660326086956522,,
P12,lra,deformable,2,,,0.1514,2.9418,,,,
P12,lra,deformable,3,,,0.163,3.9518,,0.36850393700787426,,
P12,lra,deformable,4,,,0.1977,4.0863,,0.028515624999999975,,
P12,lra,deformable,5,,,0.1701,3.0877,,0.020228025009194572,,
P12,lra,fragile,1,1.0,,0.7688,5.092,,0.24622494142150475,,
P12,lra,fragile,2,1.0,,0.5374,4.9544,,0.0815212606743551,,
P12,lra,fragile,3,1.0,,0.7709,2.3503,,1.063191153238541,,
P12,lra,fragile,4,1.0,,0.9842,8.5671,,0.17044854881266486,,
P12,lra,fragile,5,1.0,,0.7687,10.0296,,0.4039693207875387,,
P12,em,deformable,1,,,0.1632,2.1037,,,,
P12,em,deformable,2,,,0.2119,3.7424,,0.11239470517448862,,
P12,em,deformable,3,,,0.2841,8.9047,,0.5735140771637104,,
P12,em,deformable,4,,,0.1783,2.4796,,0.02177722152690866,,
P12,em,deformable,5,,,0.1632,2.342,,0.7304785894206536,,
P12,em,fragile,1,1.0,,0.4969,4.158,,1.8932190179267427,,
P12,em,fragile,2,1.0,,0.8539,3.5513,,0.9836383207750276,,
P12,em,fragile,3,1.0,,0.7138,3.1567,,0.2823512524223068,,
P12,em,fragile,4,1.0,,0.8552,2.6208,,4.534542916957432,,
P12,em,fragile,5,1.0,,0.4643,3.6907,,1.439942112879884,,
P12,visual_only,deformable,1,,,0.2215,3.6143,,0.058675373134328364,,
P12,visual_only,deformable,2,,,0.2976,2.4882,,0.34117647058823514,,
P12,visual_only,deformable,3,,,0.1022,5.6943,,,,
P12,visual_only,deformable,4,,,0.2943,2.8099,,0.10532192035727574,,
P12,visual_only,deformable,5,,,0.3871,2.7483,,0.1419451236077153,,
P12,visual_only,fragile,1,0.0,,0.9842,5.6286,,2.5499219968798643,,
P12,visual_only,fragile,2,0.0,,0.9842,11.2223,,,,
P12,visual_only,fragile,3,1.0,,0.9842,5.9029,,,,
P12,visual_only,fragile,4,1.0,,0.9842,5.8367,,4.741406250000028,,
P12,visual_only,fragile,5,1.0,,0.0,,,,,
P13,lra,deformable,1,,,0.3064,2.4983,,0.6763664962642544,,
P13,lra,deformable,2,,,0.2072,1.8221,,0.2282608695652172,,
P13,lra,deformable,3,,,0.2218,1.7553,,0.1786245906519797,,
P13,lra,deformable,4,,,0.255,2.2187,,0.12467532467532472,,
P13,lra,deformable,5,,,0.2014,2.1583,,0.3918495297805637,,
P13,lra,fragile,1,0.0,,0.9842,1.8821,,,,
P13,lra,fragile,2,1.0,,0.7004,2.7463,,1.3006714747575234,,
P13,lra,fragile,3,0.0,,0.9842,2.5531,,2.047058823529413,,
P13,lra,fragile,4,0.0,,0.9842,3.6314,,,,
P13,lra,fragile,5,1.0,,0.9842,2.7709,,0.674624226348365,,
P13,em,deformable,1,,,0.2342,3.034,,0.1068416119962511,,
P13,em,deformable,2,,,0.1632,2.2965,,,,
P13,em,deformable,3,,,0.1632,3.4815,,0.4748743718592958,,
P13,em,deformable,4,,,0.1632,2.8852,,,,
P13,em,deformable,5,,,0.1631,2.683,,,,
P13,em,fragile,1,1.0,,0.7726,5.6311,,2.4185362265538837,,
P13,em,fragile,2,0.0,,0.9842,3.2777,,2.6414122839279144,,
P13,em,fragile,3,1.0,,0.0,,,,,
P13,em,fragile,4,1.0,,0.0,,,,,
P13,em,fragile,5,1.0,,0.682,3.1579,,0.6766091051805356,,
P13,visual_only,deformable,1,,,0.0,,,,,
P13,visual_only,deformable,2,,,0.0,,,,,
P13,visual_only,deformable,3,,,0.0,,,,,
P13,visual_only,deformable,4,,,0.0,,,,,
P13,visual_only,deformable,5,,,0.3814,2.222,,0.5900029753049687,,
P13,visual_only,fragile,1,0.0,,0.947,2.4226,,,,
P13,visual_only,fragile,2,1.0,,0.5266,1.8797,,1.091757387247276,,
P13,visual_only,fragile,3,0.0,,0.9842,2.0905,,2.6808510638297864,,
P13,visual_only,fragile,4,1.0,,0.2229,3.1551,,,,
P13,visual_only,fragile,5,1.0,,0.6233,2.2872,,2.7836903939184463,,
P14,lra,deformable,1,,,0.3778,4.6308,,1.172665623369849,,
P14,lra,deformable,2,,,0.378,2.7556,,0.7468749999999995,,
P14,lra,deformable,3,,,0.4394,2.5539,,0.3455726239540402,,
P14,lra,deformable,4,,,0.3779,1.8808,,0.479457079970653,,
P14,lra,deformable,5,,,0.3571,2.4854,,0.6692477876106186,,
P14,lra,fragile,1,1.0,,0.5398,4.6844,,1.643391521197016,,
P14,lra,fragile,2,1.0,,0.9836,2.1432,,2.10144230769231,,
P14,lra,fragile,3,0.0,,0.9842,2.4139,,2.5914362176627987,,
P14,lra,fragile,4,1.0,,0.7618,4.0909,,1.1984496124031054,,
P14,lra,fragile,5,1.0,,0.755,3.0801,,4.519999999999996,,
P14,em,deformable,1,,,0.378,1.5784,,0.2533748701973003,,
P14,em,deformable,2,,,0.38,2.1554,,1.2145085803432172,,
P14,em,deformable,3,,,0.3925,2.3013,,3.5525773195876136,,
P14,em,deformable,4,,,0.3779,1.8909,,2.5382165605095555,,
P14,em,deformable,5,,,0.163,1.6828,,,,
P14,em,fragile,1,1.0,,0.9817,3.1033,,1.497852401405701,,
P14,em,fragile,2,1.0,,0.9832,3.0814,,2.1308724832214754,,
P14,em,fragile,3,1.0,,0.9627,2.3062,,3.2923781757601,,
P14,em,fragile,4,1.0,,0.9842,2.6196,,3.941938579654516,,
P14,em,fragile,5,1.0,,0.9842,2.1534,,1.555408221254026,,
P14,visual_only,deformable,1,,,0.378,3.022,,1.1412193850964019,,
P14,visual_only,deformable,2,,,0.4184,2.1434,,0.7523413111342351,,
P14,visual_only,deformable,3,,,0.3779,3.7554,,0.4347146207974972,,
P14,visual_only,deformable,4,,,0.378,2.1507,,0.06466876971608808,,
P14,visual_only,deformable,5,,,0.3982,2.2308,,3.713991769547327,,
P14,visual_only,fragile,1,0.0,,0.9842,1.892,,2.391253416634127,,
P14,visual_only,fragile,2,1.0,,0.7815,4.8344,,0.5245637042267726,,
P14,visual_only,fragile,3,1.0,,0.0,,,,,
P14,visual_only,fragile,4,0.0,,0.9842,1.6159,,2.6401985111662527,,
P14,visual_only,fragile,5,1.0,,0.9842,3.0227,,0.541949152542373,,
P15,lra,deformable,1,,,0.4057,3.8214,,1.4690587623504945,,
P15,lra,deformable,2,,,0.3731,2.953,,0.34494773519163763,,
P15,lra,deformable,3,,,0.375,2.7588,,0.6198738170346991,,
P15,lra,deformable,4,,,0.3779,2.6808,,1.8091024020227573,,
P15,lra,deformable,5,,,0.4333,2.5683,,0.1083349599843841,,
P15,lra,fragile,1,1.0,,0.5905,5.2871,,0.24864922131581726,,
P15,lra,fragile,2,1.0,,0.7489,2.7509,,1.3300330033003305,,
P15,lra,fragile,3,1.0,,0.8226,3.6222,,1.9272076372315037,,
P15,lra,fragile,4,1.0,,0.7771,3.4151,,2.1666055045871526,,
P15,lra,fragile,5,0.0,,0.8552,3.3582,,3.732240437158473,,
P15,em,deformable,1,,,0.3779,2.6203,,0.14067966016991498,,
P15,em,deformable,2,,,0.3172,2.3549,,1.072916666666668,,
P15,em,deformable,3,,,0.3772,1.8216,,3.3950233281493105,,
P15,em,deformable,4,,,0.326,2.0993,,0.8408115489660556,,
P15,em,deformable,5,,,0.3761,2.2826,,4.16300940438871,,
P15,em,fragile,1,0.0,,0.9842,1.3459,,0.517852684144819,,
P15,em,fragile,2,0.0,,0.9386,3.4929,,3.7950138504155104,,
P15,em,fragile,3,0.0,,0.9842,4.4914,,,,
P15,em,fragile,4,1.0,,0.9795,10.2449,,1.1945864092371763,,
P15,em,fragile,5,0.0,,0.9842,6.9012,,1.2749831195138428,,
P15,visual_only,deformable,1,,,0.4218,3.1573,,0.3331212892281595,,
P15,visual_only,deformable,2,,,0.3765,3.2954,,0.7789514866979647,,
P15,visual_only,deformable,3,,,0.3937,3.3463,,0.5756727664155005,,
P15,visual_only,deformable,4,,,0.5701,3.4962,,0.42753935734310955,,
P15,visual_only,deformable,5,,,0.4441,3.1025,,0.38048607833883913,,
P15,visual_only,fragile,1,0.0,,0.9842,4.0271,,2.4509101760668472,,
P15,visual_only,fragile,2,0.0,,0.9842,6.0233,,3.0499632623071293,,
P15,visual_only,fragile,3,1.0,,0.9842,4.6856,,4.714064914992258,,
P15,visual_only,fragile,4,0.0,,0.9841,1.6226,,3.660937499999996,,
P15,visual_only,fragile,5,1.0,,0.9842,3.0918,,,,
P16,lra,deformable,1,,,0.767,2.6236,,1.8462913315460248,,
P16,lra,deformable,2,,,0.5042,3.361,,0.2471247843588269,,
P16,lra,deformable,3,,,0.1666,4.4423,,0.03835582208895554,,
P16,lra,deformable,4,,,0.3926,3.9532,,0.7405063291139224,,
P16,lra,deformable,5,,,0.3685,3.1579,,0.26750795816280143,,
P16,lra,fragile,1,0.0,,0.9842,4.435,,,,
P16,lra,fragile,2,1.0,,0.9818,2.7567,,0.813559322033898,,
P16,lra,fragile,3,1.0,,0.9842,2.9539,,,,
P16,lra,fragile,4,1.0,,0.7971,2.9605,,5.253521126760576,,
P16,lra,fragile,5,0.0,,0.9842,2.4109,,3.0474090407938257,,
P16,em,deformable,1,,,0.5877,3.6142,,0.2697389622945536,,
P16,em,deformable,2,,,0.1467,4.4829,,0.2767295597484273,,
P16,em,deformable,3,,,0.0,,,,,
P16,em,deformable,4,,,0.0,,,,,
P16,em,deformable,5,,,0.4461,3.1551,,0.2146624472573839,,
P16,em,fragile,1,0.0,,0.9842,4.9098,,3.1743215031315204,,
P16,em,fragile,2,1.0,,0.3757,2.9554,,0.25501185600344906,,
P16,em,fragile,3,0.0,,0.9842,4.1548,,2.9823468328141143,,
P16,em,fragile,4,0.0,,0.9842,3.8118,,4.187154696132596,,
P16,em,fragile,5,1.0,,0.2723,9.5847,,0.25325690463783157,,
P16,visual_only,deformable,1,,,0.2954,2.755,,0.46464646464646364,,
P16,visual_only,deformable,2,,,0.2259,4.227,,0.5430359937402205,,
P16,visual_only,deformable,3,,,0.3294,4.1486,,0.34702815432742457,,
P16,visual_only,deformable,4,,,0.1209,4.0886,,,,
P16,visual_only,deformable,5,,,0.1582,6.1622,,0.42236024844720493,,
P16,visual_only,fragile,1,1.0,,0.0,,,,,
P16,visual_only,fragile,2,1.0,,0.0,,,,,
P16,visual_only,fragile,3,1.0,,0.6181,4.9517,,,,
P16,visual_only,fragile,4,1.0,,0.4618,4.7656,,,,
P16,visual_only,fragile,5,1.0,,0.9842,3.4976,,2.8906551059730217,,
P17,lra,deformable,1,,,0.9842,6.4144,,4.71464019851114,,
P17,lra,deformable,2,,,0.9646,3.4223,,1.2048802261568214,,
P17,lra,deformable,3,,,0.9842,3.3659,,1.9052576782925565,,
P17,lra,deformable,4,,,0.9842,5.8179,,4.135322692574604,,
P17,lra,deformable,5,,,0.9842,2.8155,,4.619531250000011,,
P17,lra,fragile,1,1.0,,0.3779,1.1644,,0.07122292828426922,,
P17,lra,fragile,2,1.0,,0.812,4.5578,,4.652806652806671,,
P17,lra,fragile,3,1.0,,0.9842,5.4238,,1.591104174795159,,
P17,lra,fragile,4,1.0,,0.6534,5.2315,,4.318181818181782,,
P17,lra,fragile,5,1.0,,0.9842,5.0195,,1.8676612127045258,,
P17,em,deformable,1,,,0.6949,6.1613,,1.7601880877742921,,
P17,em,deformable,2,,,0.9841,4.7476,,1.2988227146814397,,
P17,em,deformable,3,,,0.9616,4.7636,,1.2832796818784336,,
P17,em,deformable,4,,,0.9663,4.1585,,2.2444357672784068,,
P17,em,deformable,5,,,0.9825,3.1755,,3.1678998292544116,,
P17,em,fragile,1,1.0,,0.596,4.8817,,3.4880803011292394,,
P17,em,fragile,2,1.0,,0.7773,4.4905,,4.630298818624033,,
P17,em,fragile,3,1.0,,0.9842,14.8399,,1.4178313253012078,,
P17,em,fragile,4,1.0,,0.7781,6.1586,,9.426791277258499,,
P17,em,fragile,5,1.0,,0.7857,5.3645,,0.8429463171036202,,
P17,visual_only,deformable,1,,,0.9833,3.558,,1.7893361212754835,,
P17,visual_only,deformable,2,,,0.9817,3.6998,,4.136671883150757,,
P17,visual_only,deformable,3,,,0.9788,2.8094,,1.1495466032406723,,
P17,visual_only,deformable,4,,,0.9802,0.8177,,0.4191547886971742,,
P17,visual_only,deformable,5,,,0.964,1.8143,,0.5272621809744781,,
P17,visual_only,fragile,1,0.0,,0.9842,0.6877,,0.14786798524184172,,
P17,visual_only,fragile,2,1.0,,0.9842,11.1747,,0.4756905386826643,,
P17,visual_only,fragile,3,1.0,,0.9842,7.1666,,1.2895644674428632,,
P17,visual_only,fragile,4,0.0,,0.9842,6.022,,3.0965137614678904,,
P17,visual_only,fragile,5,1.0,,0.378,7.7655,,,,
P18,lra,deformable,1,,,0.8154,3.816,,0.2423828448418612,,
P18,lra,deformable,2,,,0.9842,6.1595,,1.6706443914081173,,
P18,lra,deformable,3,,,0.9842,4.7635,,0.4170330941911593,,
P18,lra,deformable,4,,,0.9841,3.2216,,0.17589783071418863,,
P18,lra,deformable,5,,,0.9735,0.2168,,0.2576969028581932,,
P18,lra,fragile,1,1.0,,0.9039,6.0912,,0.3740962611030779,,
P18,lra,fragile,2,0.0,,0.9842,5.0212,,1.8816908454227117,,
P18,lra,fragile,3,0.0,,0.9842,7.8324,,,,
P18,lra,fragile,4,1.0,,0.5962,6.8188,,0.8873591989987545,,
P18,lra,fragile,5,1.0,,0.9842,6.2848,,2.332860385925083,,
P18,em,deformable,1,,,0.956,3.1552,,1.3179148311306892,,
P18,em,deformable,2,,,0.8873,4.4267,,0.7039138490041688,,
P18,em,deformable,3,,,0.9826,5.0193,,0.5673264748014064,,
P18,em,deformable,4,,,0.9261,1.6853,,0.11080300404390522,,
P18,em,deformable,5,,,0.5897,7.2984,,0.6169294852722403,,
P18,em,fragile,1,1.0,,0.9842,11.095,,0.14238232333871687,,
P18,em,fragile,2,1.0,,0.7091,5.7521,,0.26160337552742624,,
P18,em,fragile,3,1.0,,0.9166,7.237,,1.962499999999999,,
P18,em,fragile,4,1.0,,0.1632,5.7633,,,,
P18,em,fragile,5,1.0,,0.4026,2.6908,,3.3877551020408,,
P18,visual_only,deformable,1,,,0.9834,3.3551,,0.13404053947472197,,
P18,visual_only,deformable,2,,,0.9587,6.2212,,0.669026401265928,,
P18,visual_only,deformable,3,,,0.9732,3.8273,,0.784213159869903,,
P18,visual_only,deformable,4,,,0.9095,4.684,,1.3658827031854732,,
P18,visual_only,deformable,5,,,0.9293,4.8129,,0.38137712570856946,,
P18,visual_only,fragile,1,1.0,,0.826,5.0228,,0.17532596091297337,,
P18,visual_only,fragile,2,1.0,,0.9777,5.0915,,0.6413373860182369,,
P18,visual_only,fragile,3,1.0,,0.9607,3.3569,,0.5120862774265527,,
P18,visual_only,fragile,4,0.0,,0.9842,4.3659,,3.953271028037372,,
P18,visual_only,fragile,5,1.0,,0.7925,6.8206,,0.5205399550037497,,
P19,lra,deformable,1,,,0.9717,2.8907,,2.667620410109677,,
P19,lra,deformable,2,,,0.9838,0.0098,,0.23673269748104667,,
P19,lra,deformable,3,,,0.9842,0.0136,,0.2633449776306919,,
P19,lra,deformable,4,,,0.905,0.0055,,0.2620699676681077,,
P19,lra,deformable,5,,,0.9835,0.0145,,0.23560872624912035,,
P19,lra,fragile,1,0.0,,0.9842,2.0097,,12.419504643962851,,
P19,lra,fragile,2,0.0,,0.9842,0.6166,,0.5038128547675018,,
P19,lra,fragile,3,1.0,,0.9842,0.0104,,0.25187959095491863,,
P19,lra,fragile,4,1.0,,0.8811,0.013,,0.1805604326146499,,
P19,lra,fragile,5,1.0,,0.8552,3.6954,,1.5346724055475827,,
P19,em,deformable,1,,,0.9842,5.7622,,4.250781249999997,,
P19,em,deformable,2,,,0.9839,3.8238,,3.8871554862194504,,
P19,em,deformable,3,,,0.9842,2.8775,,6.771144278606963,,
P19,em,deformable,4,,,0.9831,3.4178,,9.401250000000044,,
P19,em,deformable,5,,,0.9842,3.0107,,0.815230961298373,,
P19,em,fragile,1,0.0,,0.9842,6.0981,,1.9999999999999793,,
P19,em,fragile,2,1.0,,0.9009,5.5639,,2.518940787054068,,
P19,em,fragile,3,0.0,,0.9842,2.4784,,10.28947368421057,,
P19,em,fragile,4,0.0,,0.9842,3.9578,,4.233055265901977,,
P19,em,fragile,5,1.0,,0.9842,6.3613,,3.198285936891308,,
P19,visual_only,deformable,1,,,0.9736,0.0055,,0.2654944627938605,,
P19,visual_only,deformable,2,,,0.9842,0.0188,,0.250663364585176,,
P19,visual_only,deformable,3,,,0.9616,0.0151,,0.14733458344495043,,
P19,visual_only,deformable,4,,,0.9765,0.0045,,0.2778383485971798,,
P19,visual_only,deformable,5,,,0.9231,0.0202,,0.259817367452519,,
P19,visual_only,fragile,1,0.0,,0.9842,1.5457,,,,
P19,visual_only,fragile,2,0.0,,0.9842,1.8241,,11.77223088923556,,
P19,visual_only,fragile,3,1.0,,0.9842,2.7691,,,,
P19,visual_only,fragile,4,0.0,,0.9842,2.6245,,,,
P19,visual_only,fragile,5,0.0,,0.9842,2.2233,,7.587499999999993,,
P20,lra,deformable,1,,,0.4253,4.2248,,0.5322834645669338,,
P20,lra,deformable,2,,,0.7717,3.0814,,1.563190773666507,,
P20,lra,deformable,3,,,0.7419,2.5463,,1.1476671476671476,,
P20,lra,deformable,4,,,0.8986,2.0831,,0.9517593643586834,,
P20,lra,deformable,5,,,0.9123,2.4131,,0.6590658330268482,,
P20,lra,fragile,1,1.0,,0.9837,4.3615,,0.45517724383148384,,
P20,lra,fragile,2,1.0,,0.1524,3.3548,,0.019265816193699555,,
P20,lra,fragile,3,1.0,,0.8039,3.6166,,1.6544985250737472,,
P20,lra,fragile,4,1.0,,0.909,4.8216,,0.8451056098114919,,
P20,lra,fragile,5,0.0,,0.9842,9.2969,,1.5607758620689702,,
P20,em,deformable,1,,,0.7647,3.4142,,0.896890343698855,,
P20,em,deformable,2,,,0.5955,2.3593,,0.7220533603512332,,
P20,em,deformable,3,,,0.7704,1.3414,,0.5698780850431164,,
P20,em,deformable,4,,,0.5574,2.0128,,0.30751936047964,,
P20,em,deformable,5,,,0.7787,3.9495,,0.7427126710291485,,
P20,em,fragile,1,1.0,,0.9842,6.289,,0.49556083531324213,,
P20,em,fragile,2,1.0,,0.3464,6.0976,,,,
P20,em,fragile,3,1.0,,0.8294,4.6269,,0.38270089285714287,,
P20,em,fragile,4,1.0,,0.6462,5.5589,,0.7767441860465149,,
P20,em,fragile,5,1.0,,0.7876,4.5507,,2.9352517985611524,,
P20,visual_only,deformable,1,,,0.7778,5.0152,,0.6822235434007138,,
P20,visual_only,deformable,2,,,0.8982,2.8925,,1.7386392166708513,,
P20,visual_only,deformable,3,,,0.8147,1.6727,,2.3005524861878466,,
P20,visual_only,deformable,4,,,0.9005,2.4908,,1.5665316297912124,,
P20,visual_only,deformable,5,,,0.8906,2.0121,,0.8356653766001789,,
P20,visual_only,fragile,1,1.0,,0.635,3.4914,,2.0693430656934337,,
P20,visual_only,fragile,2,1.0,,0.9842,1.9515,,1.7175381536152114,,
P20,visual_only,fragile,3,0.0,,0.9842,1.9479,,3.7792145593869755,,
P20,visual_only,fragile,4,0.0,,0.9842,1.4215,,2.5214666248824824,,
P20,visual_only,fragile,5,1.0,,0.9766,8.1658,,0.9152111046847892,,
P21,lra,deformable,1,,,0.9817,2.5591,,1.598984771573604,,
P21,lra,deformable,2,,,0.7827,3.2113,,0.5385224971383287,,
P21,lra,deformable,3,,,0.9262,3.0993,,1.619940476190477,,
P21,lra,deformable,4,,,0.6593,2.5435,,0.6357118075633167,,
P21,lra,deformable,5,,,0.9542,2.1664,,1.7757330006238292,,
P21,lra,fragile,1,0.0,,0.9842,3.3516,,4.201983298538617,,
P21,lra,fragile,2,1.0,,0.576,3.4952,,1.678178963893253,,
P21,lra,fragile,3,1.0,,0.9842,4.0188,,2.1821862348178134,,
P21,lra,fragile,4,1.0,,0.9842,2.678,,2.9871086556169417,,
P21,lra,fragile,5,1.0,,0.9842,3.6811,,1.8671799807507201,,
P21,em,deformable,1,,,0.9057,4.0911,,1.1390628374001301,,
P21,em,deformable,2,,,0.8909,2.7505,,0.8834227787716162,,
P21,em,deformable,3,,,0.934,2.7591,,1.5027429467084645,,
P21,em,deformable,4,,,0.9185,2.8829,,3.7478260869565165,,
P21,em,deformable,5,,,0.9842,2.6912,,1.5265832681782625,,
P21,em,fragile,1,1.0,,0.9842,4.5026,,1.2837626854020308,,
P21,em,fragile,2,1.0,,0.6798,2.2878,,2.670312499999997,,
P21,em,fragile,3,1.0,,0.8467,2.8186,,10.325508607198772,,
P21,em,fragile,4,0.0,,0.9842,3.2509,,7.870292887029314,,
P21,em,fragile,5,1.0,,0.9842,4.508,,2.4404529480671613,,
P21,visual_only,deformable,1,,,0.9826,1.891,,1.621069182389935,,
P21,visual_only,deformable,2,,,0.981,2.4829,,4.184046131667468,,
P21,visual_only,deformable,3,,,0.9836,1.9528,,1.6360093530787205,,
P21,visual_only,deformable,4,,,0.9836,2.6214,,1.6017180788754393,,
P21,visual_only,deformable,5,,,0.9238,2.277,,2.6098935504070138,,
P21,visual_only,fragile,1,0.0,,0.9842,5.7505,,2.6809688581314903,,
P21,visual_only,fragile,2,0.0,,0.9842,8.3184,,,,
P21,visual_only,fragile,3,1.0,,0.9842,2.626,,1.180567139282735,,
P21,visual_only,fragile,4,0.0,,0.9835,2.4971,,2.5966228893058174,,
P21,visual_only,fragile,5,1.0,,0.5389,3.2181,,0.5557537912578059,,
P22,lra,deformable,1,,,0.6455,8.4519,,1.1116071428571415,,
P22,lra,deformable,2,,,0.984,3.7683,,3.2147598594299103,,
P22,lra,deformable,3,,,0.8158,4.7684,,0.7952559300873899,,
P22,lra,deformable,4,,,0.5923,4.4904,,2.0685358255451707,,
P22,lra,deformable,5,,,0.7661,5.0273,,0.48506436695413097,,
P22,lra,fragile,1,1.0,,0.3779,5.9554,,,,
P22,lra,fragile,2,1.0,,0.7374,6.2303,,,,
P22,lra,fragile,3,1.0,,0.7608,5.0124,,1.2070104606349805,,
P22,lra,fragile,4,1.0,,0.5962,4.4156,,1.5079972183588346,,
P22,lra,fragile,5,1.0,,0.6828,4.2188,,,,
P22,em,deformable,1,,,0.9842,1.9457,,4.220517737296259,,
P22,em,deformable,2,,,0.9842,1.4805,,2.1101694915254208,,
P22,em,deformable,3,,,0.9563,2.3729,,12.14435146443513,,
P22,em,deformable,4,,,0.9226,2.6128,,5.590277777777773,,
P22,em,deformable,5,,,0.9829,1.5457,,0.9607999091012384,,
P22,em,fragile,1,1.0,,0.9718,3.6808,,0.639599882318329,,
P22,em,fragile,2,1.0,,0.9842,4.4779,,2.186847599164934,,
P22,em,fragile,3,1.0,,0.9842,4.824,,5.0505050505050395,,
P22,em,fragile,4,1.0,,0.7892,4.9518,,1.3490427098674551,,
P22,em,fragile,5,1.0,,0.9777,6.0488,,5.197860962566861,,
P22,visual_only,deformable,1,,,0.5497,3.7523,,0.8154935443565181,,
P22,visual_only,deformable,2,,,0.9841,4.422,,2.238439306358379,,
P22,visual_only,deformable,3,,,0.9807,2.4977,,0.6130589070262599,,
P22,visual_only,deformable,4,,,0.9842,2.8865,,1.5212973817897615,,
P22,visual_only,deformable,5,,,0.9842,2.0775,,1.8030666027791096,,
P22,visual_only,fragile,1,0.0,,0.9816,4.8933,,0.8869434717358682,,
P22,visual_only,fragile,2,0.0,,0.9842,5.908,,2.715789473684243,,
P22,visual_only,fragile,3,1.0,,0.9842,4.5487,,3.2264808362369446,,
P22,visual_only,fragile,4,1.0,,0.7933,5.8243,,3.6575663026521164,,
P22,visual_only,fragile,5,1.0,,0.9842,3.4797,,6.864931846344468,,
