idx,t,volume,area_px,max_deform_mm,mean_deform_mm
0,0.0260465145111084,0.0,0,0.0,0.0
1,0.06295251846313477,0.0,0,0.0,0.0
2,0.11252212524414062,0.0,0,0.0,0.0
3,0.16252493858337402,0.0,0,0.0,0.0
4,0.2134547233581543,0.0,0,0.0,0.0
5,0.26527953147888184,0.0,0,0.0,0.0
6,0.3152806758880615,0.0,0,0.0,0.0
7,0.3628370761871338,0.0,0,0.0,0.0
8,0.4172959327697754,0.0,0,0.0,0.0
9,0.46759724617004395,0.0,0,0.0,0.0
10,0.5164794921875,0.0,0,0.0,0.0
11,0.5634593963623047,0.0,0,0.0,0.0
12,0.6133468151092529,0.0,0,0.0,0.0
13,0.6645872592926025,0.0,0,0.0,0.0
14,0.7145829200744629,0.0,0,0.0,0.0
15,0.7686867713928223,0.0,0,0.0,0.0
16,0.8173074722290039,0.0,0,0.0,0.0
17,0.8671894073486328,0.0,0,0.0,0.0
18,0.9178357124328613,0.0,0,0.0,0.0
19,0.9680793285369873,0.0,0,0.0,0.0
20,1.017899990081787,0.0,0,0.0,0.0
21,1.0656368732452393,0.0,0,0.0,0.0
22,1.1151666641235352,0.0,0,0.0,0.0
23,1.1670823097229004,0.0,0,0.0,0.0
24,1.2153913974761963,0.0,0,0.0,0.0
25,1.2680280208587646,0.0,0,0.0,0.0
26,1.3181707859039307,0.0,0,0.0,0.0
27,1.370906114578247,0.0,0,0.0,0.0
28,1.4201891422271729,0.0,0,0.0,0.0
29,1.4688382148742676,0.0,0,0.0,0.0
30,1.5208661556243896,0.0,0,0.0,0.0
31,1.5697309970855713,0.0,0,0.0,0.0
32,1.6223039627075195,0.0,0,0.0,0.0
33,1.6725208759307861,0.0,0,0.0,0.0
34,1.7213799953460693,0.0,0,0.0,0.0
35,1.7729997634887695,0.0,0,0.0,0.0
36,1.8238773345947266,146.68678283691406,1149,0.1631765067577362,0.1276647299528122
37,1.8710112571716309,251.5914306640625,2022,0.16310808628797532,0.12442702054977417
38,1.9209866523742676,439.2729797363281,3249,0.1739010000228882,0.13520251214504242
39,1.97337007522583,557.7000732421875,3917,0.19997263669967655,0.14237938821315765
40,2.023267984390259,695.6044311523438,4528,0.2291607891023159,0.15362288057804108
41,2.0717556476593018,694.4427490234375,4628,0.22505660831928248,0.15005245804786682
42,2.1212780475616455,670.8553466796875,4531,0.22448278814554212,0.14805901050567627
43,2.1789820194244385,594.9033203125,4202,0.20587970674037928,0.14157623052597046
44,2.2270700931549072,557.5433959960938,4002,0.18020108729600903,0.13931618630886078
45,2.277273178100586,396.8592529296875,2994,0.17232351616024974,0.13255152106285095
46,2.324991226196289,297.85003662109375,2316,0.16276009529829025,0.12860536575317383
47,2.3755226135253906,231.90530395507812,1782,0.16316803634166718,0.13013765215873718
48,2.4254884719848633,110.29486846923828,934,0.1631765067577362,0.1180887222290039
49,2.475825548171997,49.273582458496094,509,0.15608612298965455,0.096804678440094
50,2.52630615234375,2.7708170413970947,43,0.10807517752051353,0.06443760544061661
51,2.5729405879974365,30.95452880859375,366,0.14492226019501686,0.08457521349191666
52,2.6260929107666016,0.0,0,0.0,0.0
53,2.676778554916382,0.0,0,0.0,0.0
54,2.72652268409729,0.8077294826507568,21,0.04798342138528824,0.03846330940723419
55,2.7772655487060547,0.0,0,0.0,0.0
56,2.8265788555145264,0.0,0,0.0,0.0
57,2.8750052452087402,0.13505221903324127,4,0.03728027410805225,0.03376305475831032
58,2.927304744720459,0.0,0,0.0,0.0
59,2.975461006164551,2.467478036880493,51,0.07248219475150108,0.04838192090392113
60,3.026819944381714,0.0,0,0.0,0.0
61,3.073263168334961,0.0,0,0.0,0.0
62,3.123934745788574,0.0,0,0.0,0.0
63,3.1765940189361572,0.0,0,0.0,0.0
64,3.22782826423645,0.0,0,0.0,0.0
65,3.276982545852661,0.0,0,0.0,0.0
66,3.328904151916504,0.0,0,0.0,0.0
67,3.378140926361084,0.0,0,0.0,0.0
68,3.4277610778808594,0.0,0,0.0,0.0
69,3.478308916091919,0.0,0,0.0,0.0
70,3.529050827026367,0.0,0,0.0,0.0
71,3.574955940246582,0.0,0,0.0,0.0
72,3.6292169094085693,0.0,0,0.0,0.0
73,3.678956985473633,0.0,0,0.0,0.0
74,3.7295305728912354,0.0,0,0.0,0.0
75,3.7790801525115967,0.0,0,0.0,0.0
76,3.8294899463653564,0.0,0,0.0,0.0
77,3.878239870071411,0.0,0,0.0,0.0
78,3.9306225776672363,0.0,0,0.0,0.0
79,3.979889154434204,0.0,0,0.0,0.0
80,4.030118465423584,0.0,0,0.0,0.0
81,4.076671838760376,0.0,0,0.0,0.0
82,4.1264472007751465,0.0,0,0.0,0.0
83,4.180566310882568,0.0,0,0.0,0.0
84,4.230461120605469,0.0,0,0.0,0.0
85,4.281387805938721,0.0,0,0.0,0.0
86,4.3305745124816895,0.0,0,0.0,0.0
87,4.3816351890563965,0.0,0,0.0,0.0
88,4.430616617202759,0.0,0,0.0,0.0
89,4.480103254318237,0.0,0,0.0,0.0
90,4.531580448150635,0.0,0,0.0,0.0
91,4.577775001525879,0.0,0,0.0,0.0
92,4.631222486495972,0.0,0,0.0,0.0
93,4.682343482971191,0.0,0,0.0,0.0
94,4.73267936706543,0.0,0,0.0,0.0
95,4.782464504241943,0.0,0,0.0,0.0
96,4.8326544761657715,0.0,0,0.0,0.0
97,4.881582736968994,0.0,0,0.0,0.0
98,4.93394923210144,46.044124603271484,434,0.16270413711667062,0.10609245300292969
99,4.983749151229858,57.76898956298828,598,0.15908779427409173,0.09660366177558899
100,5.032891273498535,241.13201904296875,1991,0.16307191252708436,0.12111100554466248
101,5.079292058944702,644.0362548828125,4947,0.1739307776093483,0.1301872283220291
102,5.129777669906616,1064.5574951171875,7349,0.22833144068717953,0.1448574662208557
103,5.17997407913208,1317.501220703125,8458,0.2519553142786027,0.15576982498168945
104,5.2318034172058105,1908.624267578125,10192,0.3561289092898369,0.18726690113544464
105,5.284336566925049,2386.1357421875,11313,0.3928776979446411,0.2109197974205017
106,5.333102226257324,2709.75537109375,12239,0.3916405940055847,0.2214033305644989
107,5.383675813674927,2998.0283203125,12615,0.3922277820110321,0.23765583336353302
108,5.434294939041138,3460.032958984375,13857,0.45922274827957155,0.24969567358493805
109,5.48343300819397,3571.184326171875,14189,0.4596421778202056,0.25168681144714355
110,5.535478591918945,3760.862548828125,14522,0.4653754189610481,0.25897690653800964
111,5.581180572509766,4351.1064453125,16873,0.5109748721122742,0.25787392258644104
112,5.635334491729736,4874.7802734375,18496,0.5561730802059173,0.26355862617492676
113,5.684957981109619,5027.43896484375,19006,0.5623545348644257,0.26451852917671204
114,5.733809947967529,5368.47998046875,19900,0.5629117488861084,0.26977285742759705
115,5.784435272216797,5402.0751953125,19786,0.5633726239204406,0.27302512526512146
116,5.834317207336426,5471.23291015625,20156,0.5633560627698898,0.2714443802833557
117,5.882639408111572,5453.505859375,19901,0.5631181597709656,0.27403175830841064
118,5.9359025955200195,5415.220703125,19832,0.5629786360263824,0.27305468916893005
119,5.985051155090332,5643.76904296875,20548,0.5648238599300385,0.27466270327568054
120,6.035303592681885,5603.392578125,20266,0.5646840006113052,0.27649226784706116
121,6.082991123199463,5634.353515625,20339,0.5642726528644562,0.2770221531391144
122,6.134145736694336,5619.6943359375,20452,0.5630988126993179,0.27477481961250305
123,6.183467864990234,6079.7705078125,21433,0.5640481805801392,0.2836639881134033
124,6.237056732177734,6294.21240234375,21870,0.5706999963521957,0.28780120611190796
125,6.28687310218811,6535.7001953125,22496,0.5708043128252029,0.29052722454071045
126,6.337476968765259,6497.7607421875,22584,0.5708172917366028,0.28771522641181946
127,6.387052536010742,6381.1357421875,22200,0.5706361532211304,0.2874385416507721
128,6.436628341674805,6244.931640625,21859,0.5698043131828308,0.2856915593147278
129,6.487550258636475,5959.3955078125,21184,0.564083913564682,0.2813158631324768
130,6.537492513656616,5724.62353515625,20588,0.5684879267215729,0.2780563235282898
131,6.584727048873901,5123.400390625,19276,0.5628551691770554,0.2657916843891144
132,6.636805057525635,4408.21875,17380,0.5113642859458923,0.253637433052063
133,6.688077449798584,4005.911376953125,16158,0.5110168999433518,0.24792124330997467
134,6.738425970077515,3457.27587890625,14138,0.4619825780391693,0.2445378303527832
135,6.78815770149231,3139.09423828125,12873,0.4543374276161194,0.24385102093219757
136,6.838439226150513,2918.8173828125,12191,0.4208349406719208,0.2394239455461502
137,6.887608051300049,3523.744384765625,14144,0.4736453953385353,0.24913351237773895
138,6.939550399780273,4106.4267578125,16318,0.5100843435525895,0.2516501247882843
139,6.988399505615234,5117.48486328125,19215,0.5493496203422547,0.2663275897502899
140,7.039049386978149,6297.9365234375,22130,0.566590411067009,0.28458818793296814
141,7.086516857147217,6439.26513671875,22197,0.5678361701965332,0.2900961935520172
142,7.135508060455322,7084.40576171875,23705,0.5785939669609068,0.29885703325271606
143,7.189103364944458,7500.26904296875,24729,0.5795857191085816,0.3032985031604767
144,7.235696077346802,8486.125,26573,0.6310285687446594,0.3193514049053192
145,7.289283037185669,9053.6572265625,27800,0.6125957334041592,0.32567113637924194
146,7.339285850524902,10047.2431640625,29657,0.7283393144607544,0.3387815058231354
147,7.38615608215332,10457.7578125,30301,0.7305500507354736,0.345129132270813
148,7.439121961593628,11400.26953125,32050,0.7458991324901579,0.35570263862609863
149,7.48979640007019,11711.2255859375,32185,0.7591223883628845,0.3638721704483032
150,7.540302276611328,12381.8232421875,33227,0.7713581919670105,0.37264344096183777
151,7.589479446411133,13027.5244140625,34405,0.7771162247657775,0.37865206599235535
152,7.640368461608887,13171.927734375,34668,0.772049087882042,0.3799448311328888
153,7.68997049331665,13209.8095703125,34850,0.7795961016416552,0.3790476322174072
154,7.741494178771973,13490.8515625,35313,0.7867831802368164,0.382036417722702
155,7.790297031402588,13711.564453125,35925,0.7900312972068787,0.3816719353199005
156,7.8414130210876465,13962.8037109375,35971,0.7958098590373993,0.3881683349609375
157,7.889585494995117,14027.884765625,36282,0.7944178020954135,0.38663482666015625
158,7.939244985580444,14108.9560546875,36435,0.8015402281284331,0.3872363269329071
159,7.991419792175293,14205.763671875,36538,0.7990812516212463,0.3887942433357239
160,8.040505170822144,14505.685546875,37027,0.8038053774833679,0.3917596638202667
161,8.08830213546753,14662.3359375,37246,0.8031531900167466,0.3936620354652405
162,8.138830184936523,15519.46875,38682,0.8090414690971375,0.40120646357536316
163,8.188761234283447,15975.3359375,39415,0.8048785436153412,0.40531107783317566
164,8.241025447845459,16349.974609375,40007,0.8141360855102542,0.4086778461933136
165,8.294568061828613,17053.82421875,40811,0.834893524646759,0.41787323355674744
166,8.338978052139282,17541.90625,41421,0.8517943620681763,0.42350271344184875
167,8.389178037643433,17988.32421875,42356,0.8532498329877851,0.42469364404678345
168,8.439964056015015,18293.724609375,42917,0.8551529049873352,0.42625823616981506
169,8.49112606048584,18727.232421875,43622,0.8549772340059281,0.4293070435523987
170,8.545296430587769,19670.53515625,44764,0.8551581501960754,0.43942755460739136
171,8.589328289031982,20428.7734375,45879,0.8551581501960754,0.44527503848075867
172,8.641606569290161,20902.37109375,46460,0.8551581501960754,0.449900358915329
173,8.693796634674072,21715.2421875,47368,0.8551581501960754,0.4584369659423828
174,8.743688344955444,22598.197265625,48568,0.8551581501960754,0.4652898609638214
175,8.792614936828613,23027.322265625,48966,0.8551581501960754,0.47027167677879333
176,8.844232559204102,23576.46875,49956,0.8551581501960754,0.4719446897506714
177,8.893212795257568,24036.779296875,50394,0.8551581501960754,0.47697702050209045
178,8.944550037384033,25066.380859375,51936,0.8551581501960754,0.48263978958129883
179,8.993728399276733,25404.931640625,52279,0.8551581501960754,0.4859490692615509
180,9.04450535774231,25911.037109375,52965,0.8551581501960754,0.4892105460166931
181,9.090718746185303,26713.1875,54691,0.8551581501960754,0.4884384572505951
182,9.140868186950684,27279.37109375,56035,0.8551581501960754,0.48682737350463867
183,9.194042444229126,27706.525390625,56850,0.8551581501960754,0.48736193776130676
184,9.244556188583374,28295.01171875,58191,0.8551581501960754,0.4862437844276428
185,9.294208288192749,28294.048828125,58725,0.8551581501960754,0.48180586099624634
186,9.343257665634155,28586.330078125,59592,0.8551581501960754,0.47970080375671387
187,9.391552448272705,27508.59765625,65677,0.8551581501960754,0.4188467562198639
188,9.44342827796936,27049.44921875,65216,0.8551581501960754,0.4147670567035675
189,9.494998216629028,25821.3671875,62758,0.8551581501960754,0.41144344210624695
190,9.542560338973999,25879.15625,62811,0.8551581501960754,0.4120163023471832
191,9.592368602752686,25823.953125,62615,0.8551581501960754,0.41242438554763794
192,9.644444942474365,25470.814453125,62776,0.8551581501960754,0.40574127435684204
193,9.695074558258057,24613.54296875,61452,0.8551581501960754,0.4005328118801117
194,9.745743036270142,24274.99609375,60395,0.8551581501960754,0.40193718671798706
195,9.792732238769531,23926.884765625,60037,0.8551581501960754,0.3985356390476227
196,9.846343994140625,23495.0703125,59193,0.8551551365852356,0.39692312479019165
197,9.894625186920166,23161.990234375,58337,0.8551581501960754,0.3970377445220947
198,9.946081399917603,22606.677734375,57537,0.8551581501960754,0.3929067850112915
199,9.997081518173218,22310.6875,57104,0.8551581501960754,0.3907026946544647
200,10.047147989273071,21839.19921875,56070,0.8550959944725036,0.38949882984161377
201,10.094250917434692,21231.8359375,54813,0.8547603273391724,0.3873503804206848
202,10.144263505935669,20556.80078125,53849,0.852441005706787,0.3817489743232727
203,10.196058511734009,20024.0234375,53140,0.8301223939657213,0.37681639194488525
204,10.246901035308838,18398.671875,49529,0.8051418423652649,0.37147271633148193
205,10.29699420928955,16204.591796875,44803,0.7679029190540314,0.3616854250431061
206,10.347982406616211,14107.2578125,40896,0.658803546428681,0.3449544608592987
207,10.39815068244934,13382.5146484375,39685,0.6254156780242909,0.3372184634208679
208,10.447305679321289,11893.76171875,37052,0.5708800154924393,0.32100188732147217
209,10.49907636642456,10984.3720703125,35186,0.5672898471355439,0.31218019127845764
210,10.548187732696533,10364.232421875,34186,0.5632427662611008,0.303171843290329
211,10.59583330154419,9284.34765625,32054,0.536320270895958,0.28964707255363464
212,10.64838695526123,7969.8330078125,29417,0.5090134882926941,0.2709260880947113
213,10.698603391647339,6935.947265625,26863,0.47891988754272485,0.25819703936576843
214,10.74862003326416,6023.3779296875,24521,0.4649544179439543,0.24564160406589508
215,10.799159049987793,5489.203125,23381,0.4618413448333741,0.2347719520330429
216,10.848492860794067,4758.201171875,21463,0.4432113403081894,0.22169320285320282
217,10.898686647415161,4335.548828125,20241,0.4550354838371275,0.2141963690519333
218,10.94853925704956,4091.716552734375,19564,0.40488908499479276,0.209145188331604
219,10.999309301376343,3650.859375,17918,0.4044144430756561,0.2037537395954132
220,11.049240589141846,3286.515625,16514,0.39077342212200167,0.19901390373706818
221,11.096693515777588,2859.95166015625,14068,0.39065587729215623,0.20329482853412628
222,11.14713740348816,2869.90966796875,14080,0.39127775907516477,0.2038288116455078
223,11.199530363082886,2511.357666015625,12162,0.39114125102758407,0.20649215579032898
224,11.249147653579712,2510.285400390625,12217,0.39170647382736207,0.20547477900981903
225,11.299805879592896,2547.7998046875,12247,0.39210508823394774,0.20803460478782654
226,11.34991455078125,2483.77490234375,11855,0.39141828417778013,0.209512859582901
227,11.399587392807007,2351.49169921875,11515,0.391358557343483,0.20421117544174194
228,11.449047803878784,2232.10986328125,11131,0.3923310786485672,0.20053093135356903
229,11.500824689865112,2395.965576171875,11797,0.3914461493492126,0.2030995637178421
230,11.550423383712769,2443.83251953125,11916,0.39236753433942795,0.20508833229541779
231,11.598754167556763,2603.884521484375,12637,0.388922461271286,0.20605242252349854
232,11.651849746704102,2818.95458984375,13656,0.3912100076675415,0.20642608404159546
233,11.700174808502197,3047.83544921875,14350,0.391825170814991,0.21239271759986877
234,11.751500368118286,3096.146728515625,14587,0.39206299126148225,0.21225383877754211
235,11.801130056381226,3338.25,15540,0.3935471564531327,0.2148166000843048
236,11.85170316696167,3350.88818359375,15887,0.39283480048179625,0.21092014014720917
237,11.901004791259766,3372.37060546875,15900,0.417805444598198,0.21209877729415894
238,11.951930522918701,3435.84228515625,16393,0.4033112609386444,0.2095920443534851
239,12.002038955688477,3471.46044921875,16415,0.40805701375007675,0.2114809900522232
240,12.05220103263855,4123.55908203125,19042,0.4619618287682533,0.21655073761940002
241,12.100045204162598,4581.94482421875,20670,0.46672528535127655,0.22167125344276428
242,12.149923086166382,5593.583984375,23770,0.5118365389108659,0.23532116413116455
243,12.202805042266846,7453.4013671875,28823,0.5557990705966946,0.2585921585559845
244,12.24919867515564,8726.40234375,32017,0.562300910949707,0.27255529165267944
245,12.302115440368652,9364.466796875,33798,0.5625663787126541,0.27707162499427795
246,12.353301525115967,10649.78125,36240,0.5614369112253189,0.29386812448501587
247,12.402229309082031,12111.1474609375,39204,0.5617033410072326,0.3089263141155243
248,12.453663110733032,13304.728515625,41405,0.5669524478912353,0.3213314414024353
249,12.503312349319458,13697.6103515625,42037,0.5701107335090637,0.32584652304649353
250,12.553924083709717,14140.3896484375,42886,0.5785965472459794,0.3297204077243805
251,12.602226495742798,14834.685546875,43996,0.6028452426195146,0.3371826112270355
252,12.653865814208984,15182.2177734375,44571,0.6135533094406128,0.3406299650669098
253,12.703516721725464,15407.4248046875,44719,0.6545293855667114,0.3445386588573456
254,12.753741264343262,15817.3486328125,45521,0.6877808809280402,0.3474736511707306
255,12.804635763168335,15999.2138671875,45829,0.7068002319335938,0.3491067588329315
256,12.853137969970703,15639.4599609375,45369,0.6691943454742432,0.344716876745224
257,12.904694557189941,15271.6767578125,44421,0.6464512109756487,0.3437940776348114
258,12.953674077987671,14926.12109375,44044,0.6301855963468551,0.3388911485671997
259,13.005401849746704,14269.900390625,42825,0.6103923010826112,0.33321425318717957
260,13.053793907165527,13043.9619140625,40834,0.5808600765466689,0.31943875551223755
261,13.103933334350586,12293.05859375,39299,0.5701760637760162,0.31280842423439026
262,13.153850317001343,10601.8564453125,35985,0.560010116100311,0.29461875557899475
263,13.204408168792725,9168.7939453125,32746,0.5145204454660415,0.2799973785877228
264,13.252158641815186,8603.65234375,31611,0.4997510313987733,0.272172749042511
265,13.307151794433594,7204.0703125,29003,0.46197659373283384,0.24839052557945251
266,13.353609323501587,6273.861328125,26705,0.46356206774711606,0.234932079911232
267,13.403671503067017,5718.453125,25526,0.43756284564733505,0.22402465343475342
268,13.453500032424927,5628.669921875,25094,0.4299730250239372,0.22430340945720673
269,13.505618572235107,4844.01123046875,22707,0.42153937041759454,0.21332678198814392
270,13.55756163597107,4441.29296875,21349,0.4059602284431458,0.20803283154964447
271,13.604180812835693,4124.9814453125,20209,0.3928579521179199,0.2041160613298416
272,13.659132242202759,3954.20361328125,19780,0.3922501343488693,0.19990918040275574
273,13.708791494369507,3634.5693359375,18232,0.39104584842920304,0.19935110211372375
274,13.759207725524902,3154.320556640625,16344,0.38976954728364943,0.19299562275409698
275,13.806903600692749,2996.09423828125,15218,0.3920290899276733,0.1968783140182495
276,13.858911037445068,2827.291015625,14622,0.390324832201004,0.19335870444774628
277,13.908092260360718,2561.35595703125,12939,0.3917122107744217,0.19795624911785126
278,13.959766387939453,2508.34326171875,12504,0.39216961920261384,0.20060326159000397
279,14.009976148605347,2291.86767578125,11555,0.392676682472229,0.19834424555301666
280,14.059585571289062,2312.16650390625,11839,0.39127410590648654,0.19530083239078522
281,14.106987714767456,2221.137939453125,11242,0.38966642796993256,0.19757498800754547
282,14.15738034248352,2233.644287109375,11203,0.3924481648206711,0.1993791162967682
283,14.209875345230103,2072.579833984375,10477,0.39281217217445374,0.19782188534736633
284,14.259770631790161,2113.0380859375,10720,0.39191524863243105,0.19711175560951233
285,14.310127973556519,1844.4468994140625,9620,0.3843190196156502,0.19173043966293335
286,14.359744787216187,1558.5496826171875,8606,0.35966900587081924,0.18110035359859467
287,14.410012245178223,1424.4974365234375,8286,0.32593157738447187,0.1719161719083786
288,14.460285186767578,1255.37548828125,7603,0.31746250510215757,0.16511580348014832
289,14.510638236999512,1168.8092041015625,7171,0.3189307898283005,0.16299110651016235
290,14.559847354888916,1208.959716796875,7289,0.31708616733551026,0.1658608466386795
291,14.606768131256104,1292.5526123046875,7712,0.31970293790102006,0.1676027774810791
292,14.661134719848633,1359.419189453125,7962,0.32048095494508744,0.17073839902877808
293,14.711041450500488,1574.5675048828125,8658,0.3528807482123376,0.1818627268075943
294,14.760550022125244,2208.56494140625,11135,0.3925679004192352,0.1983444094657898
295,14.81156325340271,3182.11669921875,15722,0.38988043665885924,0.20239897072315216
296,14.861389636993408,3757.0712890625,18007,0.4603571951389312,0.2086450457572937
297,14.911496639251709,4437.26123046875,20758,0.4803235599398613,0.21376149356365204
298,14.960649013519287,5318.521484375,23716,0.5025082826614379,0.22425879538059235
299,15.011677980422974,5700.490234375,24820,0.5080891674757004,0.22967325150966644
300,15.062457084655762,6316.1484375,26159,0.5111898803710937,0.24145221710205078
301,15.109325408935547,7317.9140625,28228,0.5247005438804626,0.25924310088157654
302,15.159025430679321,8007.91015625,30234,0.5389079183340072,0.26486438512802124
303,15.212499141693115,8244.1875,30294,0.5321622240543366,0.2721392810344696
304,15.259908437728882,8808.1220703125,31610,0.5267401933670044,0.27864986658096313
305,15.310809850692749,9250.34375,32824,0.5176994502544403,0.2818164825439453
306,15.36455774307251,9771.87109375,33837,0.5253234481811523,0.2887924909591675
307,15.413789987564087,9925.7412109375,34227,0.5314053988456726,0.289997398853302
308,15.464123725891113,10317.515625,35168,0.5441328912973404,0.29337793588638306
309,15.513561964035034,10796.7021484375,35849,0.5540741634368895,0.3011716306209564
310,15.565027713775635,11140.8134765625,36367,0.5587619662284851,0.30634403228759766
311,15.611342430114746,11065.337890625,36265,0.5623929429054261,0.305124431848526
312,15.665118932723999,11382.0732421875,36781,0.5629117488861084,0.3094552457332611
313,15.71453857421875,11637.51953125,37154,0.5629546952247619,0.31322386860847473
314,15.765448570251465,11726.8916015625,37332,0.5633050787448883,0.31412437558174133
315,15.815430402755737,11789.1376953125,37358,0.5643051826953888,0.31557196378707886
316,15.865713596343994,11781.7578125,37520,0.5636065709590912,0.314012736082077
317,15.91543436050415,12073.197265625,37787,0.5671609926223755,0.3195066452026367
318,15.963269710540771,12260.7353515625,38197,0.5675903344154358,0.32098686695098877
319,16.01597261428833,12357.2265625,38532,0.5700172001123428,0.32070037722587585
320,16.066152811050415,12715.072265625,39115,0.5708158528804779,0.32506895065307617
321,16.112887620925903,13186.623046875,40092,0.5755849993228912,0.32890909910202026
322,16.16248106956482,13506.4404296875,40854,0.5955379319190981,0.33060264587402344
323,16.215336084365845,13649.7470703125,41009,0.5978189516067505,0.33284759521484375
324,16.26615595817566,13846.3603515625,41439,0.6032567203044892,0.3341383934020996
325,16.3160719871521,13606.8671875,41054,0.6037565249204636,0.331438273191452
326,16.367085456848145,12460.9990234375,38951,0.5735948085784912,0.31991472840309143
327,16.41632604598999,11800.849609375,37538,0.5736703979969024,0.3143707513809204
328,16.46663236618042,10160.3134765625,34479,0.5574378037452697,0.29468122124671936
329,16.51734948158264,8492.4375,31454,0.4959645399451257,0.26999548077583313
330,16.56800651550293,7902.7392578125,30188,0.471167868077755,0.2617841362953186
331,16.61413884162903,7012.46240234375,28107,0.45289358675479846,0.24949167668819427
332,16.667059421539307,6042.4384765625,25949,0.39286404848098755,0.23285824060440063
333,16.717772722244263,5120.4931640625,23729,0.3924382293224335,0.2157905101776123
334,16.767667770385742,4774.4267578125,22643,0.3928598016500473,0.210856631398201
335,16.81828546524048,4317.63916015625,21342,0.39254785209894183,0.20230714976787567
336,16.867511987686157,3723.5,19004,0.3904475411772728,0.19593243300914764
337,16.91750741004944,3324.273681640625,17451,0.39286285638809204,0.19049187004566193
338,16.968547105789185,3125.752685546875,16272,0.3922433331608772,0.19209393858909607
339,17.018100023269653,2845.218505859375,14984,0.392306869328022,0.1898837834596634
340,17.068602800369263,2300.5009765625,12660,0.35801779657602306,0.18171413242816925
341,17.11606216430664,2091.119140625,11782,0.3489265251159673,0.17748422920703888
342,17.166479110717773,2058.294921875,11841,0.34977931380271915,0.17382779717445374
343,17.218549013137817,1936.087646484375,10816,0.3535805881023407,0.17900218069553375
344,17.26550841331482,2111.999755859375,11646,0.3635434120893478,0.18134979903697968
345,17.316091060638428,2291.31591796875,11964,0.3922767782211304,0.19151754677295685
346,17.368335962295532,2486.0556640625,12652,0.3927931380271912,0.19649507105350494
347,17.418027877807617,3203.0537109375,15223,0.39263976335525513,0.21040883660316467
348,17.46841335296631,4254.1298828125,19828,0.44869123816490164,0.214551642537117
349,17.518556594848633,5686.28173828125,24819,0.4735065740346909,0.22911003232002258
350,17.568375825881958,6341.994140625,26772,0.49336447447538384,0.2368890643119812
351,17.617814302444458,7534.7177734375,29608,0.5086018550395965,0.2544825077056885
352,17.66933298110962,9011.306640625,32888,0.511546710729599,0.2739998400211334
353,17.719149827957153,9595.2841796875,34129,0.5238986086845399,0.2811475396156311
354,17.76953363418579,10165.0615234375,35297,0.5315518903732301,0.28798654675483704
355,17.819337129592896,10913.8759765625,36241,0.5545389890670777,0.3011472225189209
356,17.869831562042236,11818.140625,37677,0.5631994533538818,0.313669890165329
357,17.916441679000854,12185.1826171875,38351,0.5653170645236969,0.3177278935909271
358,17.968236923217773,13044.0146484375,40207,0.5708005809783936,0.3244214951992035
359,18.017690181732178,14045.25,42150,0.6024967217445374,0.33322063088417053
360,18.069299459457397,14837.3818359375,43471,0.6600984275341034,0.3413167893886566
361,18.118316650390625,15190.5361328125,44236,0.6528503179550175,0.3433975875377655
362,18.169298887252808,15924.4833984375,45340,0.7301488184928894,0.3512237071990967
363,18.222150087356567,16674.046875,47293,0.7430128812789921,0.35256901383399963
364,18.26717495918274,16835.796875,46984,0.7655754441022872,0.3583304286003113
365,18.320544004440308,17098.9375,47761,0.7636394023895264,0.358010470867157
366,18.367387056350708,17391.2890625,48632,0.7712522172927858,0.35760998725891113
367,18.421324968338013,17634.779296875,49015,0.777700492143631,0.3597833216190338
368,18.468249559402466,17835.068359375,49691,0.7763382494449614,0.35891950130462646
369,18.520622491836548,17897.513671875,49621,0.7900661706924439,0.36068424582481384
370,18.571512460708618,17912.091796875,49764,0.7876182544231416,0.359940767288208
371,18.620322704315186,18060.28515625,50281,0.7864862322807312,0.3591870665550232
372,18.67057156562805,17972.890625,49718,0.7915984404087067,0.3614966571331024
373,18.72261619567871,17933.50390625,49790,0.7855948442220688,0.36018285155296326
374,18.774220943450928,17799.587890625,49348,0.78717482984066,0.3606952130794525
375,18.822518587112427,17727.1796875,49473,0.7822800016403199,0.35832029581069946
376,18.870904445648193,17510.001953125,49131,0.7828101158142089,0.3563941717147827
377,18.92190194129944,17040.33984375,47988,0.7847568988800045,0.35509586334228516
378,18.973283529281616,15798.064453125,45240,0.7617508447170258,0.3492056727409363
379,19.02327251434326,14049.3896484375,41796,0.665087172389031,0.336141973733902
380,19.07311487197876,13291.1396484375,40461,0.6190508484840394,0.3284926116466522
381,19.120205879211426,11598.2666015625,37267,0.5707900953292847,0.31122082471847534
382,19.170734167099,10413.57421875,34868,0.5644893932342531,0.29865705966949463
383,19.22254729270935,9731.8134765625,33328,0.558460541367531,0.2920011281967163
384,19.27318549156189,9506.185546875,33027,0.5410540592670439,0.28783074021339417
385,19.3232581615448,10020.8388671875,34166,0.5594217419624328,0.2932985723018646
386,19.37165331840515,10888.001953125,35741,0.5636380076408386,0.3046361804008484
387,19.42238759994507,11659.7041015625,37616,0.566258880496025,0.3099666237831116
388,19.473811149597168,12229.154296875,38768,0.5672007709741592,0.31544455885887146
389,19.523123025894165,14190.5205078125,42737,0.6006511187553405,0.33204296231269836
390,19.57494854927063,15596.787109375,44810,0.7190019452571861,0.3480648696422577
391,19.621841192245483,16843.640625,47019,0.7571715033054351,0.35823050141334534
392,19.67483377456665,17477.572265625,48728,0.7754402214288714,0.35867616534233093
393,19.72534155845642,18387.71875,50808,0.7943391746282578,0.361905962228775
394,19.775720596313477,19347.125,52540,0.8086497581005097,0.36823609471321106
395,19.82540273666382,20502.052734375,54733,0.8127319955825806,0.37458303570747375
396,19.876775979995728,20862.0234375,55265,0.8166160321235657,0.37749069929122925
397,19.925873041152954,21624.14453125,56502,0.8495844703912735,0.3827146887779236
398,19.97557258605957,22171.60546875,57374,0.8538869351148605,0.3864399492740631
399,20.02670407295227,22767.359375,57995,0.8551281690597534,0.3925745189189911
400,20.07662534713745,23036.216796875,58579,0.8551581501960754,0.393250435590744
401,20.122669219970703,23573.1328125,59136,0.8551581501960754,0.39862576127052307
402,20.172688007354736,22812.857421875,58281,0.8551581501960754,0.39142870903015137
403,20.226030349731445,20961.888671875,55329,0.8529360628128053,0.3788589835166931
404,20.272955894470215,19042.474609375,51721,0.8128666400909424,0.3681768476963043
405,20.326775074005127,14519.126953125,42798,0.6822137343883512,0.33924779295921326
406,20.37666893005371,9910.39453125,34183,0.5387381446361542,0.28992173075675964
407,20.426610231399536,8189.64697265625,30846,0.4772584095597267,0.26550111174583435
408,20.476857900619507,5960.51611328125,25928,0.42043775945901857,0.2298872321844101
409,20.527184009552002,4974.2626953125,23644,0.3904148724675178,0.2103816121816635
410,20.577402591705322,4193.552734375,21109,0.3926915192604065,0.19866183400154114
411,20.62379479408264,3823.74365234375,19665,0.392705442905426,0.19444411993026733
412,20.67821955680847,3410.86669921875,17746,0.39241501688957214,0.1922048181295395
413,20.728740453720093,2852.930419921875,15110,0.3919975680112839,0.18881075084209442
414,20.77793049812317,2619.19580078125,13787,0.39064482390880584,0.18997575342655182
415,20.828107595443726,2420.73095703125,12697,0.3912383532524108,0.19065377116203308
416,20.878693342208862,2273.966552734375,11891,0.39111289978027347,0.1912342607975006
417,20.929103136062622,2330.97802734375,11870,0.3912662029266357,0.19637556374073029
418,20.977302074432373,2241.95703125,11734,0.39258913934230805,0.19106502830982208
419,21.02884078025818,2316.0576171875,11932,0.3912487691640854,0.19410473108291626
420,21.07886552810669,2298.333984375,11740,0.3928149276971817,0.1957695037126541
421,21.127306699752808,2173.89599609375,11448,0.3886872318387033,0.18989308178424835
422,21.176928281784058,2048.150390625,10969,0.37807235956192015,0.18672171235084534
423,21.229943990707397,2068.571044921875,10986,0.38465865701436996,0.1882915496826172
424,21.280207872390747,2144.536376953125,11144,0.3913423606753349,0.19243866205215454
425,21.330503225326538,2295.84375,11758,0.39110723048448565,0.1952580213546753
426,21.380259037017822,2772.745361328125,13450,0.39110410928726197,0.2061520665884018
427,21.427033185958862,2941.625244140625,14226,0.39184441417455673,0.20677809417247772
428,21.48053550720215,3449.06787109375,16535,0.3924132341146469,0.20859195291996002
429,21.530376195907593,3505.34423828125,16988,0.39199924588203433,0.20634236931800842
430,21.580296516418457,3412.122314453125,16405,0.39198087811470034,0.207992821931839
431,21.627098560333252,3276.55224609375,15911,0.39242181479930877,0.20592999458312988
432,21.68033766746521,3128.391357421875,15256,0.3920920044183731,0.2050597369670868
433,21.730040788650513,3292.03466796875,15856,0.3918549999594688,0.2076207548379898
434,21.780285120010376,3483.85205078125,16528,0.3938052144646644,0.21078485250473022
435,21.830415725708008,3883.765625,18437,0.40307065010070786,0.21065062284469604
436,21.881416082382202,4456.587890625,20957,0.44629462599754316,0.21265390515327454
437,21.930433988571167,4923.16064453125,22658,0.4648026266694069,0.21728134155273438
438,21.980984449386597,5309.29248046875,23937,0.4725907599925994,0.2218027561903
439,22.03188395500183,6196.74560546875,26474,0.5036143159866333,0.2340691089630127
440,22.080716848373413,6933.3232421875,28410,0.5064085149765014,0.2440451681613922
441,22.12829089164734,7256.10791015625,29337,0.5057300066947937,0.24733640253543854
442,22.178993940353394,7397.11572265625,29798,0.5087222743034363,0.24824202060699463
443,22.23202610015869,7842.005859375,30429,0.5111238670349121,0.2577148675918579
444,22.27840256690979,8208.1474609375,31306,0.5095476806163788,0.26219087839126587
445,22.331007957458496,8758.279296875,32420,0.5185376465320587,0.2701505124568939
446,22.38184905052185,9009.98046875,32861,0.5228164672851563,0.27418461441993713
447,22.433204174041748,9668.890625,33996,0.5261534541845325,0.28441259264945984
448,22.482354164123535,10171.974609375,35535,0.5265715670585629,0.28625229001045227
449,22.532286405563354,10681.8505859375,36450,0.5514230728149416,0.29305487871170044
450,22.583211421966553,10725.4404296875,36565,0.5432106018066407,0.2933253347873688
451,22.63073992729187,11027.009765625,36872,0.551681038737297,0.2990618944168091
452,22.684560298919678,11147.234375,37021,0.5483548879623413,0.30110570788383484
453,22.73220658302307,11137.96484375,36846,0.5576870501041412,0.30228424072265625
454,22.78372812271118,11242.892578125,37087,0.554276887178421,0.30314916372299194
455,22.83363151550293,11416.2421875,37666,0.5557729631662368,0.303091436624527
456,22.88396191596985,11434.353515625,37598,0.5594601148366928,0.30412131547927856
457,22.93415641784668,11563.5830078125,37563,0.557438405752182,0.30784502625465393
458,22.982331037521362,11405.951171875,37539,0.560745737552643,0.303842693567276
459,23.03456473350525,11056.3740234375,36423,0.5451989305019377,0.3035547435283661
460,23.085257053375244,10420.2744140625,35657,0.539998848438263,0.29223641753196716
461,23.1325466632843,9920.5380859375,34534,0.5251290744543073,0.287268728017807
462,23.182487964630127,8834.708984375,32313,0.5011753273010254,0.2734103500843048
463,23.23596954345703,7531.76416015625,29479,0.46197301149368286,0.25549590587615967
464,23.281529426574707,6240.67724609375,26888,0.39282082706689836,0.23209898173809052
465,23.333906650543213,5445.3291015625,24961,0.39280872941017153,0.2181534767150879
466,23.38444495201111,4763.9697265625,23221,0.39268534183502196,0.2051578164100647
467,23.431581497192383,3892.86181640625,20141,0.3878069758415222,0.19328045845031738
468,23.48341464996338,3207.7373046875,16951,0.39219094812870026,0.1892358809709549
469,23.533405780792236,3040.217041015625,16268,0.39094364404678345,0.18688327074050903
470,23.585214138031006,2522.856201171875,13741,0.3901975631713867,0.18360061943531036
471,23.635636806488037,2404.714111328125,13083,0.3913934832811356,0.1838044822216034
472,23.683696269989014,2118.0546875,11730,0.38597682744264594,0.18056732416152954
473,23.73370361328125,2107.680908203125,11914,0.3713894778490068,0.17690791189670563
474,23.783738613128662,2056.2490234375,11478,0.37980009585618973,0.17914697527885437
475,23.83894968032837,2005.1304931640625,11048,0.3801180726289751,0.1814926266670227
476,23.884084224700928,1861.21533203125,10479,0.3509869968891143,0.17761382460594177
477,23.93879461288452,2001.554443359375,11305,0.36223539471626265,0.1770503669977188
478,23.9898362159729,2297.323974609375,12024,0.3911306777596474,0.19106154143810272
479,24.0390362739563,3170.70654296875,15911,0.39084362983703613,0.19927763938903809
480,24.089614629745483,4338.1123046875,20860,0.4135278654098511,0.20796319842338562
481,24.135615587234497,4910.125,22782,0.4619413009285927,0.2155265063047409
482,24.18665361404419,6562.7080078125,27639,0.5075842463970184,0.23744376003742218
483,24.239657640457153,7932.40625,30430,0.5095109140872955,0.26067715883255005
484,24.28868865966797,9253.66796875,33326,0.5111709535121918,0.27767112851142883
485,24.33898663520813,9917.9072265625,34576,0.5192563086748123,0.2868436872959137
486,24.385233879089355,10817.634765625,35954,0.5468119561672211,0.3008742928504944
487,24.438722133636475,12204.6240234375,38646,0.5630717039108276,0.3158056139945984
488,24.4895761013031,13181.0546875,40811,0.5707520961761474,0.3229779899120331
489,24.540529489517212,13725.95703125,41985,0.5716501832008362,0.32692524790763855
490,24.590637922286987,14257.34765625,42986,0.5968653053045275,0.3316742181777954
491,24.63842248916626,14742.5732421875,43841,0.6083482384681702,0.3362736403942108
492,24.690913677215576,14786.060546875,43626,0.6296624392271042,0.3389277160167694
493,24.74111795425415,14543.3017578125,43576,0.6124549210071564,0.33374568819999695
494,24.79172658920288,13580.7919921875,41291,0.5956263780593871,0.3289044201374054
495,24.84160089492798,11899.080078125,37886,0.568668258190155,0.31407591700553894
496,24.889387845993042,10619.046875,35681,0.562559974193573,0.29761070013046265
497,24.942211151123047,8348.32421875,31088,0.48196714729070667,0.2685384750366211
498,24.991504907608032,6836.7412109375,27856,0.4599509865045548,0.2454315423965454
499,25.041702032089233,5511.46826171875,24875,0.42384975612163467,0.2215665578842163
500,25.09114170074463,5261.7958984375,24186,0.4084733545780182,0.2175554484128952
501,25.138193368911743,4967.5791015625,23375,0.3921914309263229,0.21251675486564636
502,25.188199758529663,4738.1298828125,22838,0.40260589540004754,0.20746693015098572
503,25.24148941040039,4201.9560546875,21260,0.3915618187189102,0.1976460963487625
504,25.291802883148193,3947.78564453125,20212,0.3911740633845329,0.19531890749931335
505,25.341476440429688,3328.38720703125,17992,0.392506907582283,0.18499262630939484
506,25.388368844985962,2983.39208984375,16401,0.3907994329929352,0.18190306425094604
507,25.440365076065063,2495.70166015625,14215,0.39125499546527864,0.17556817829608917
508,25.49290156364441,2179.4736328125,12538,0.38080865412950504,0.17382945120334625
509,25.54234552383423,1991.3414306640625,11805,0.35396732926368685,0.16868627071380615
510,25.593244552612305,1507.1129150390625,9799,0.28488880097866076,0.15380272269248962
511,25.640690088272095,1510.5489501953125,9849,0.301600091457367,0.15337079763412476
512,25.693758964538574,1555.5023193359375,10356,0.2675422698259359,0.15020300447940826
513,25.742995500564575,1567.167724609375,10599,0.25218370199203494,0.14785996079444885
514,25.79297947883606,1586.042236328125,10891,0.23384708166122437,0.14562870562076569
515,25.84318780899048,1858.503662109375,12412,0.23534962102770804,0.14973442256450653
516,25.89001178741455,2072.723388671875,13456,0.2851155430078507,0.15403711795806885
517,25.943390369415283,2472.089111328125,15190,0.3205593228340149,0.16274450719356537
518,25.99103593826294,2937.363037109375,17004,0.34894224852323535,0.17274542152881622
519,26.04228973388672,3386.181640625,18237,0.3799430143833159,0.1856764554977417
520,26.093032836914062,4328.96875,20534,0.3928102070093155,0.2108195573091507
521,26.140060424804688,5729.67333984375,23999,0.3915486389398575,0.23874633014202118
522,26.18975567817688,7087.7666015625,27562,0.429102700948715,0.25715720653533936
523,26.244393587112427,7537.58056640625,28242,0.4636830747127533,0.26689258217811584
524,26.295112371444702,8659.533203125,30887,0.4978532046079635,0.28036174178123474
525,26.34461784362793,9916.123046875,32614,0.5615664678812027,0.3040449917316437
526,26.394989252090454,11318.669921875,35127,0.5707682883739471,0.3222213685512543
527,26.444284915924072,11844.6884765625,36590,0.5771335333585739,0.3237138092517853
528,26.4945011138916,12911.7060546875,38566,0.6295891672372818,0.3347950577735901
529,26.54462957382202,13775.205078125,40348,0.6971915102005002,0.3414098620414734
530,26.595224857330322,14801.939453125,42199,0.7481188178062436,0.3507651686668396
531,26.642077207565308,15332.416015625,43414,0.762219890356064,0.3531675636768341
532,26.69572138786316,16435.412109375,45551,0.7726294994354248,0.3608134090900421
533,26.74502396583557,17133.158203125,46861,0.7929831862449647,0.3656165599822998
534,26.795690059661865,17602.193359375,47682,0.802952373623848,0.3691580295562744
535,26.84452486038208,17822.841796875,48088,0.80356618642807,0.3706297278404236
536,26.893614292144775,18368.984375,49037,0.8050869584083558,0.3745943605899811
537,26.945695161819458,18955.767578125,49645,0.8308363389968871,0.3818263113498688
538,26.996039867401123,19196.091796875,49832,0.8224151206016541,0.3852161765098572
539,27.046414852142334,19167.953125,49770,0.8279709053039551,0.3851306736469269
540,27.0964457988739,19425.119140625,49783,0.8205532622337341,0.3901958465576172
541,27.142593145370483,19443.796875,50051,0.8306024074554443,0.38847967982292175
542,27.193458557128906,19502.505859375,50153,0.8374287676811216,0.38886019587516785
543,27.247090101242065,19466.984375,49974,0.8445253890752791,0.38954225182533264
544,27.29793357849121,19326.78515625,49720,0.8399471199512477,0.38871249556541443
545,27.342957973480225,19163.876953125,49685,0.8222917008399963,0.3857074975967407
546,27.397886991500854,19164.544921875,49465,0.8258268165588379,0.38743647933006287
547,27.446576833724976,18774.85546875,49107,0.8298913669586184,0.3823254406452179
548,27.497563123703003,17911.908203125,47560,0.8043357837200165,0.37661707401275635
549,27.546873807907104,16501.314453125,45322,0.7903114271163942,0.36409059166908264
550,27.598223209381104,15240.203125,42690,0.7696631121635438,0.356997013092041
551,27.64442205429077,13210.0146484375,38893,0.6601336407661439,0.3396501839160919
552,27.697421073913574,11352.015625,35606,0.5745676666498182,0.31882309913635254
553,27.747315645217896,9922.0400390625,33275,0.5623343992233276,0.29818302392959595
554,27.798338651657104,9064.927734375,31479,0.5382085800170898,0.2879674732685089
555,27.847070455551147,8123.75537109375,29655,0.4864460825920105,0.27394217252731323
556,27.895307779312134,7330.603515625,27970,0.4704935249686242,0.2620880901813507
557,27.9479660987854,6830.33349609375,27028,0.4648233160376548,0.25271323323249817
558,27.998550176620483,6804.8173828125,27026,0.4619825780391693,0.25178781151771545
559,28.048396587371826,6243.33056640625,25858,0.46187435746192934,0.24144676327705383
560,28.098140478134155,6053.7646484375,25307,0.4620340925455093,0.23921304941177368
561,28.14557909965515,5777.01220703125,24540,0.4506384578347206,0.23541207611560822
562,28.195490837097168,5651.8583984375,24652,0.4332985684275625,0.2292657196521759
563,28.248289585113525,5969.728515625,25325,0.4516021859645843,0.23572471737861633
564,28.29602360725403,6628.5234375,26552,0.46277670085430145,0.24964308738708496
565,28.34486150741577,6822.7724609375,26892,0.4790012925863266,0.2537101209163666
566,28.398634672164917,7361.576171875,28190,0.4900472337007523,0.2611413896083832
567,28.445195198059082,7440.24072265625,28325,0.48537335872650106,0.2626739740371704
568,28.496641159057617,8056.9169921875,29579,0.5102384269237519,0.2723864018917084
569,28.546156644821167,8883.7724609375,31369,0.5111610984802246,0.28320229053497314
570,28.60165500640869,10493.4384765625,35723,0.5546975803375244,0.29374459385871887
571,28.649763107299805,11332.6962890625,36840,0.5600354540348053,0.3076193332672119
572,28.695606470108032,11187.6123046875,36773,0.5599104595184325,0.30423441529273987
573,28.74977421760559,11164.6875,36400,0.5592238903045655,0.3067221939563751
574,28.799416065216064,10399.4365234375,35019,0.554054229259491,0.2969655394554138
575,28.84940481185913,10017.1689453125,33858,0.5525499284267426,0.2958582639694214
576,28.897934436798096,10388.64453125,34631,0.5569989502429961,0.29998108744621277
577,28.950098752975464,10744.333984375,35778,0.5501401340961456,0.3003056049346924
578,29.000797033309937,11076.8564453125,36167,0.5629096829891205,0.30626970529556274
579,29.05084228515625,10597.158203125,35171,0.5574195742607118,0.3013038635253906
580,29.09872579574585,10174.326171875,34092,0.5596722567081451,0.29843735694885254
581,29.148149728775024,9861.2490234375,33523,0.5442425131797789,0.29416367411613464
582,29.19818687438965,8878.853515625,31770,0.5108196020126343,0.27947288751602173
583,29.250752449035645,8144.5703125,30020,0.48871881693601615,0.27130481600761414
584,29.300036191940308,7860.75,29569,0.48016379833221423,0.26584428548812866
585,29.3512864112854,7358.54638671875,28508,0.470637955069542,0.25812214612960815
586,29.400304794311523,7148.28271484375,28150,0.4696254733204841,0.25393545627593994
587,29.451294422149658,6759.970703125,27430,0.45845978170633317,0.246444433927536
588,29.501936435699463,6408.74365234375,26248,0.4611135071516037,0.2441612184047699
589,29.55179500579834,6064.13427734375,25599,0.4480062007904053,0.23688949644565582
590,29.60173797607422,5723.54443359375,25068,0.4226102635264395,0.22832074761390686
591,29.649972677230835,5666.1142578125,24798,0.4042900395393371,0.22849076986312866
592,29.701491117477417,5444.71484375,24046,0.39279359579086304,0.22642913460731506
593,29.750957250595093,5280.85205078125,23910,0.3926478025317192,0.22086374461650848
594,29.80163860321045,5344.67822265625,24247,0.4015677380561832,0.22042636573314667
595,29.851970195770264,6087.740234375,25459,0.4600537449121475,0.23911938071250916
596,29.900388479232788,6505.02978515625,26505,0.46215611338615414,0.24542652070522308
597,29.951847314834595,7286.837890625,28022,0.47261042386293434,0.26003989577293396
598,30.001180410385132,7499.412109375,28495,0.48300276100635536,0.26318344473838806
599,30.05185031890869,8720.505859375,31094,0.5104953891038895,0.28045621514320374
