participant,condition,object,trial_num,fragile_survived,peak_force_proxy,peak_depth_mm,time_to_first_contact_s,force_overshoot_proxy,approach_rate_mm_s,n_force_reversals_post_plateau,time_above_90pct_peak_s
P01,lra,deformable,1,,1545.9675,0.4939,6.8257,31.079099999999926,0.31621142910412997,5.0,0.20870000000000122
P01,lra,deformable,2,,1188.6534,0.3941,5.3512,122.93059999999991,1.4706288873531508,16.0,0.5930999999999989
P01,lra,deformable,3,,1778.1837,0.4909,6.5559,8.112300000000005,0.1323890163804701,6.0,0.4801000000000002
P01,lra,deformable,4,,1540.8694,0.5152,6.1638,6.433099999999968,0.35549231644849183,8.0,0.38510000000000044
P01,lra,deformable,5,,1406.0959,0.5035,4.0858,0.0,0.23691230410136704,4.0,0.07960000000000012
P01,lra,fragile,1,1.0,22452.0176,0.9842,5.0938,6415.146499999999,1.0078124999999991,7.0,0.14390000000000036
P01,lra,fragile,2,0.0,30681.6055,0.9842,4.749,19576.441400000003,0.9337979094076629,7.0,0.12710000000000043
P01,lra,fragile,3,1.0,15500.7158,0.8552,5.8897,13532.7407,,4.0,0.12769999999999992
P01,lra,fragile,4,1.0,17597.5078,0.8552,5.7013,12895.141599999999,0.4034504590060145,17.0,0.27170000000000094
P01,lra,fragile,5,0.0,26367.6152,0.9842,5.7841,5770.8632,0.5323574042667142,1.0,0.2077
P01,tactiles,deformable,1,,1512.458,0.4959,5.0296,37.7808,0.43190013869625515,14.0,0.5916000000000006
P01,tactiles,deformable,2,,1853.8009,0.4454,3.6185,636.712,3.580495356037152,9.0,0.08060000000000045
P01,tactiles,deformable,3,,1790.4484,0.4394,5.1738,109.11590000000001,4.36477987421385,12.0,0.40029999999999966
P01,tactiles,deformable,4,,2480.54,0.4646,2.3451,943.3961999999999,1.1125779244591127,14.0,0.20740000000000025
P01,tactiles,deformable,5,,1195.3116,0.4395,7.6304,0.0,0.48049921996879663,10.0,0.2717999999999998
P01,tactiles,fragile,1,0.0,8652.2871,0.9842,4.4938,6597.478499999999,,4.0,0.14390000000000036
P01,tactiles,fragile,2,1.0,15675.335,0.8123,5.5534,0.0,0.2784604187181573,0.0,0.2079999999999993
P01,tactiles,fragile,3,0.0,17764.8125,0.9097,5.2973,3145.080099999999,,3.0,0.33750000000000036
P01,tactiles,fragile,4,0.0,19141.4121,0.9842,9.893,0.0,5.753328661527696,2.0,0.06329999999999991
P01,tactiles,fragile,5,0.0,21785.4297,0.9842,5.1527,148.1758000000009,1.6084788029925268,7.0,0.46440000000000037
P01,visual_only,deformable,1,,575.0184,0.246,7.6895,70.14880000000005,0.03585217870932156,1.0,0.41630000000000056
P01,visual_only,deformable,2,,0.0,0.0,,,,,
P01,visual_only,deformable,3,,383.5176,0.1632,9.7642,192.71300000000002,,5.0,0.40109999999999957
P01,visual_only,deformable,4,,1729.9434,0.3766,5.3084,18.547900000000027,1.1126102750389189,3.0,0.3993000000000002
P01,visual_only,deformable,5,,0.0,0.0,,,,,
P01,visual_only,fragile,1,1.0,28373.3027,0.9842,4.8129,14046.2724,4.213888888888885,31.0,0.6720000000000006
P01,visual_only,fragile,2,0.0,38273.2266,0.9842,4.4807,28370.6446,10.369811320754671,19.0,0.863599999999999
P01,visual_only,fragile,3,1.0,36751.0234,0.9842,3.4965,25854.1386,0.8946540880503163,12.0,1.3286999999999995
P01,visual_only,fragile,4,1.0,28274.1738,0.9842,4.4265,15335.0508,0.67361835245047,12.0,0.20789999999999953
P01,visual_only,fragile,5,0.0,41916.7656,0.9842,4.5473,27470.5742,0.7248322147651018,3.0,0.08000000000000007
P02,lra,deformable,1,,1228.3093,0.2912,2.944,0.0,0.2581215169226587,0.0,0.3508
P02,lra,deformable,2,,947.2662,0.2309,2.971,113.77380000000005,0.20387742338961862,3.0,0.1120000000000001
P02,lra,deformable,3,,1170.9467,0.3593,2.6836,155.7677,0.42135533883470905,1.0,0.1913999999999998
P02,lra,deformable,4,,1199.656,0.3317,8.5667,0.0,0.2551470588235297,0.0,0.1911000000000005
P02,lra,deformable,5,,958.9024,0.36,2.6902,76.11139999999989,0.3245132301547676,1.0,0.3838999999999997
P02,lra,fragile,1,1.0,12873.125,0.857,4.21,4169.300800000001,1.6676272814601332,7.0,0.41629999999999967
P02,lra,fragile,2,0.0,14418.0254,0.9058,3.0218,93.6846000000005,1.73392857142857,1.0,0.3199000000000001
P02,lra,fragile,3,1.0,4393.5166,0.7594,5.3563,39.927200000000084,1.4735830931796368,3.0,0.3365
P02,lra,fragile,4,1.0,3236.7744,0.815,5.3614,198.6938,1.1013513513513502,3.0,0.2721999999999998
P02,lra,fragile,5,1.0,9063.6875,0.9842,3.1575,103.58200000000033,1.7660714285714292,1.0,0.20779999999999976
P02,tactiles,deformable,1,,428.1792,0.3367,3.3462,0.0,1.3245942571785294,0.0,0.14380000000000015
P02,tactiles,deformable,2,,1359.0001,0.3774,5.03,271.9241999999999,0.06021261056560902,3.0,0.33670000000000044
P02,tactiles,deformable,3,,769.561,0.3029,5.4383,280.64430000000004,0.3587217683805864,1.0,0.09630000000000027
P02,tactiles,deformable,4,,1060.3208,0.3529,7.2906,108.89869999999996,0.20603717716729744,4.0,0.12989999999999924
P02,tactiles,deformable,5,,1183.3845,0.377,2.1066,197.74739999999986,0.09774436090225566,1.0,0.06340000000000012
P02,tactiles,fragile,1,1.0,9910.2617,0.8552,3.3561,2125.7694999999994,2.031296572280178,1.0,0.06469999999999976
P02,tactiles,fragile,2,1.0,8561.4883,0.976,2.6886,0.0,3.9100529100529102,0.0,0.1120000000000001
P02,tactiles,fragile,3,1.0,13791.7842,0.9754,3.4348,0.0,2.124707107524082,45.0,0.12769999999999992
P02,tactiles,fragile,4,1.0,6668.499,0.8007,5.906,1784.6927999999998,0.6613680154142574,1.0,0.1280000000000001
P02,tactiles,fragile,5,1.0,15826.3301,0.9061,3.7466,4122.806699999999,2.7466346153846124,1.0,0.11160000000000014
P02,visual_only,deformable,1,,775.4923,0.223,3.6395,0.0,0.2824726134585292,0.0,0.12740000000000018
P02,visual_only,deformable,2,,843.3395,0.2075,3.4965,150.68730000000005,0.4766355140186924,3.0,0.14360000000000017
P02,visual_only,deformable,3,,678.0556,0.2135,3.5551,17.255600000000072,0.3834006610356225,3.0,0.35250000000000004
P02,visual_only,deformable,4,,894.2941,0.21,3.8975,97.43089999999995,0.16740667653346478,5.0,0.27229999999999954
P02,visual_only,deformable,5,,1203.1752,0.2537,3.9623,0.0,0.07917326443870318,0.0,0.2077
P02,visual_only,fragile,1,1.0,14176.7012,0.9839,3.6936,0.0,1.1277664630006783,4.0,0.14329999999999998
P02,visual_only,fragile,2,1.0,14317.2852,0.9841,3.4233,2071.142600000001,1.4316758747697969,1.0,0.14429999999999987
P02,visual_only,fragile,3,1.0,3365.4551,0.8816,4.7758,545.7420000000002,1.7390732829444655,3.0,0.19240000000000013
P02,visual_only,fragile,4,0.0,36884.3164,0.9842,10.4923,834.9609000000055,2.4309806371018126,1.0,0.38429999999999964
P02,visual_only,fragile,5,1.0,25687.3105,0.9842,7.3652,5882.757799999999,3.9942112879884215,1.0,0.14459999999999962
P03,lra,deformable,1,,1407.1948,0.391,2.9059,267.08130000000006,0.5242926829268292,6.0,0.41579999999999995
P03,lra,deformable,2,,14932.3516,0.6118,2.1656,0.0,0.44950603732162453,2.0,0.4165000000000001
P03,lra,deformable,3,,2106.407,0.4601,1.8901,0.0,0.44221329763498446,0.0,0.12780000000000014
P03,lra,deformable,4,,5166.2715,0.4882,2.3634,0.0,0.6771619581626047,0.0,0.14469999999999983
P03,lra,deformable,5,,1613.6189,0.3822,2.0872,402.73900000000003,0.5379810094952525,1.0,0.20789999999999997
P03,lra,fragile,1,1.0,15585.3965,0.9842,2.4285,5758.104500000001,2.157031249999998,1.0,0.14290000000000003
P03,lra,fragile,2,0.0,27156.7656,0.9842,3.4956,11927.833999999999,1.572549019607844,3.0,0.2547999999999999
P03,lra,fragile,3,1.0,5340.1406,0.976,2.692,421.8872000000001,3.8012508686587925,1.0,0.11299999999999999
P03,lra,fragile,4,1.0,9463.2061,0.8552,3.6273,1761.146999999999,2.7550860719874772,1.0,0.1445000000000003
P03,lra,fragile,5,0.0,24550.293,0.9842,2.8965,6386.357500000002,1.7443298969072252,1.0,0.3990999999999998
P03,tactiles,deformable,1,,1487.7122,0.3914,2.5628,198.21339999999987,1.7452631578947408,4.0,0.42969999999999997
P03,tactiles,deformable,2,,530.7391,0.2566,2.2146,0.0,0.277183929229635,2.0,0.4645999999999999
P03,tactiles,deformable,3,,696.7015,0.2536,2.1454,8.031299999999987,0.4344695151224197,1.0,0.19110000000000005
P03,tactiles,deformable,4,,763.6246,0.2802,2.1014,83.15179999999998,0.2560375670840787,3.0,0.3186
P03,tactiles,deformable,5,,1023.9683,0.3154,2.1605,0.0,0.2873911397198031,0.0,0.12810000000000032
P03,tactiles,fragile,1,1.0,19799.791,0.9842,2.5518,7984.0830000000005,10.057644110275676,2.0,0.20809999999999995
P03,tactiles,fragile,2,0.0,37117.7188,0.9842,2.5572,787.836000000003,2.6333798882681565,1.0,0.30420000000000025
P03,tactiles,fragile,3,1.0,9445.5098,0.9842,7.3602,0.0,5.380062305295909,6.0,0.5430000000000001
P03,tactiles,fragile,4,0.0,24805.3203,0.9842,1.4973,19072.6846,,3.0,0.19199999999999995
P03,tactiles,fragile,5,1.0,19444.7324,0.9842,1.8742,9944.709,3.992784992784993,2.0,0.1272000000000002
P03,visual_only,deformable,1,,853.6808,0.3001,1.5482,7.706099999999992,0.13652148030558586,3.0,0.12790000000000035
P03,visual_only,deformable,2,,516.9152,0.2907,2.0189,2.858699999999999,0.8898186889818678,2.0,0.20719999999999983
P03,visual_only,deformable,3,,2794.9321,0.436,1.6079,254.90740000000005,0.32008002000500124,1.0,0.14419999999999966
P03,visual_only,deformable,4,,864.3644,0.2735,2.6891,62.82159999999999,0.21547483919788127,3.0,0.14370000000000038
P03,visual_only,deformable,5,,3780.0654,0.4629,4.9608,554.3456999999999,1.0705103233346305,3.0,0.07960000000000012
P03,visual_only,fragile,1,0.0,28321.5371,0.9842,1.9451,7964.669900000001,12.74844720496894,5.0,0.5917999999999997
P03,visual_only,fragile,2,0.0,39134.625,0.9842,1.7655,11623.0547,,5.0,0.28879999999999995
P03,visual_only,fragile,3,0.0,33129.3125,0.9842,2.1491,17529.345699999998,4.8050713153724125,7.0,0.20759999999999978
P03,visual_only,fragile,4,1.0,9316.4355,0.9842,2.9427,4463.5322,3.2200516033910787,13.0,1.3445000000000005
P03,visual_only,fragile,5,0.0,34946.3398,0.9842,1.8897,15626.128900000003,,3.0,0.3368000000000002
P04,lra,deformable,1,,3016.0308,0.6081,2.1429,1240.996,1.6904937361827568,19.0,0.7365999999999997
P04,lra,deformable,2,,3039.9424,0.6404,1.748,0.0,0.14191542288557213,4.0,0.39999999999999947
P04,lra,deformable,3,,2142.7827,0.5685,2.155,529.3838000000003,,13.0,0.6086
P04,lra,deformable,4,,2386.3733,0.506,2.4889,333.3294000000001,2.405274115197781,7.0,1.0715
P04,lra,deformable,5,,1710.2887,0.5899,1.4226,215.96170000000006,1.6809672386895491,9.0,1.2163
P04,lra,fragile,1,1.0,25372.2363,0.9842,2.7475,17460.3388,9.345679012345684,13.0,0.3194000000000008
P04,lra,fragile,2,1.0,17022.002,0.9842,3.1728,8913.356,2.6042008532983263,11.0,1.7439999999999998
P04,lra,fragile,3,1.0,9623.2637,0.984,3.3446,0.0,4.04144578313253,10.0,1.1833000000000005
P04,lra,fragile,4,1.0,11497.7969,0.9842,2.1531,0.0,2.101728890002504,12.0,1.4881000000000002
P04,lra,fragile,5,1.0,12532.7539,0.9842,2.4264,0.0,3.2167641325536067,8.0,1.4082
P04,tactiles,deformable,1,,2672.9004,0.5273,4.3778,1324.0217,,7.0,0.1778000000000004
P04,tactiles,deformable,2,,2785.7969,0.5347,3.3514,1555.2984,0.7912371134020609,5.0,0.14390000000000036
P04,tactiles,deformable,3,,1566.0984,0.5526,3.1699,137.52490000000012,3.283924843423811,8.0,0.3363999999999998
P04,tactiles,deformable,4,,2048.5845,0.5441,2.4132,221.04599999999982,2.0263565891472797,14.0,0.6561999999999992
P04,tactiles,deformable,5,,2221.6343,0.5519,2.4158,504.1079000000002,1.8763285024154601,5.0,0.20820000000000016
P04,tactiles,fragile,1,1.0,25760.0,0.9842,3.2199,14299.002,1.3180464562239433,23.0,2.672
P04,tactiles,fragile,2,1.0,12000.0703,0.9842,3.0108,4078.6664999999994,8.72113022113023,14.0,1.0084999999999997
P04,tactiles,fragile,3,1.0,24896.7715,0.9842,1.8163,2130.4961000000003,4.302652106084245,17.0,1.472
P04,tactiles,fragile,4,1.0,20626.3027,0.9842,2.9026,9874.6289,1.0035938903863428,7.0,0.06409999999999982
P04,tactiles,fragile,5,1.0,29227.8184,0.9842,2.1559,18017.7627,1.26291079812206,7.0,0.14389999999999992
P04,visual_only,deformable,1,,3868.3577,0.7629,2.6876,2456.916,1.2854914196567895,1.0,0.25519999999999987
P04,visual_only,deformable,2,,3135.314,0.7743,2.5482,125.92119999999977,1.1379807692307684,6.0,0.4634999999999998
P04,visual_only,deformable,3,,4605.0439,0.7604,1.7632,1839.5765999999999,1.5029354207436407,5.0,0.1926000000000001
P04,visual_only,deformable,4,,4191.749,0.7523,2.8351,1418.0962,2.305323590814199,5.0,0.7196000000000002
P04,visual_only,deformable,5,,2706.8049,0.6825,2.6921,1002.1732000000002,0.6842445114076627,5.0,0.40090000000000003
P04,visual_only,fragile,1,1.0,19841.9844,0.9842,4.0249,8680.773500000001,6.826562499999993,10.0,1.0716999999999999
P04,visual_only,fragile,2,1.0,27078.3047,0.9842,4.4893,14478.733400000001,6.006191950464439,3.0,0.7359
P04,visual_only,fragile,3,1.0,15130.1973,0.9842,4.0821,1197.0527999999995,1.1554033938672206,19.0,2.2729
P04,visual_only,fragile,4,1.0,30671.7051,0.9842,2.5588,11560.2676,6.550735863671584,3.0,0.5446
P04,visual_only,fragile,5,1.0,23385.0742,0.9842,3.0969,8671.238299999999,5.671083398285275,13.0,1.5358
P05,lra,deformable,1,,615.5977,0.2239,4.9586,21.60080000000005,0.09257329959815447,1.0,0.1280000000000001
P05,lra,deformable,2,,504.6348,0.2064,3.8849,0.0,0.01312145491165973,0.0,0.2071000000000005
P05,lra,deformable,3,,818.6753,0.2808,4.6273,0.0,0.0770979743695742,2.0,0.4155999999999995
P05,lra,deformable,4,,2479.437,0.4609,4.5487,0.0,0.2242592197825623,0.0,0.12819999999999965
P05,lra,deformable,5,,6846.9844,0.5758,2.9538,713.1983,0.31649054918886743,1.0,0.06390000000000029
P05,lra,fragile,1,1.0,6969.5679,0.7284,5.6199,0.0,0.5661697036628018,4.0,0.4168000000000003
P05,lra,fragile,2,1.0,16159.9258,0.8551,7.6314,253.03620000000046,1.4895586652314312,1.0,0.20809999999999995
P05,lra,fragile,3,1.0,6125.4399,0.7046,6.7492,296.41110000000026,2.502777777777776,9.0,0.7519
P05,lra,fragile,4,1.0,6327.0093,0.7245,4.4833,0.0,0.8113254823352548,2.0,0.41690000000000005
P05,lra,fragile,5,1.0,8143.813,0.8052,4.0257,2258.5986000000003,2.3957115009746595,5.0,0.6242999999999999
P05,tactiles,deformable,1,,195.0117,0.1631,2.6882,55.22789999999998,0.11244143675169191,4.0,0.06450000000000022
P05,tactiles,deformable,2,,1827.8722,0.3911,4.0862,257.79909999999995,0.7199404761904755,3.0,0.2077
P05,tactiles,deformable,3,,932.3301,0.2959,4.5614,0.0,0.08309903155263978,0.0,0.12919999999999998
P05,tactiles,deformable,4,,632.963,0.2222,3.5623,43.82069999999999,0.08604302151075534,9.0,0.2079999999999993
P05,tactiles,deformable,5,,401.3274,0.1838,4.5618,80.10820000000001,0.13437499999999983,5.0,0.14430000000000032
P05,tactiles,fragile,1,1.0,13263.2168,0.9842,2.9601,935.0352000000003,1.873923257635083,3.0,0.7515000000000001
P05,tactiles,fragile,2,1.0,320.9321,0.1632,3.6916,154.2608,,3.0,0.19179999999999975
P05,tactiles,fragile,3,1.0,13985.4062,0.9558,4.09,0.0,1.5565142364106974,0.0,0.27249999999999996
P05,tactiles,fragile,4,1.0,13530.4072,0.8435,4.7002,4262.126899999999,1.298344267416432,1.0,0.3517000000000001
P05,tactiles,fragile,5,1.0,18117.3555,0.8552,3.3526,6488.035200000002,0.7215384615384564,1.0,0.3205
P05,visual_only,deformable,1,,321.5365,0.1672,4.8271,219.54149999999998,,5.0,0.25570000000000004
P05,visual_only,deformable,2,,229.3806,0.1631,6.348,156.84709999999998,,5.0,0.3833000000000002
P05,visual_only,deformable,3,,263.767,0.1625,3.7511,103.7242,,2.0,0.0647000000000002
P05,visual_only,deformable,4,,1347.292,0.3415,2.6868,0.0,1.412822517591865,0.0,0.14469999999999983
P05,visual_only,deformable,5,,7019.3394,0.5747,4.5642,0.0,2.119729307652255,0.0,0.1277999999999997
P05,visual_only,fragile,1,0.0,36205.6641,0.9842,2.8899,5536.328200000004,0.902903946388682,1.0,0.12840000000000007
P05,visual_only,fragile,2,1.0,21296.1836,0.9842,5.0139,1215.8574000000008,2.26952748312439,5.0,0.8001999999999994
P05,visual_only,fragile,3,1.0,26402.8223,0.9842,3.2166,4684.966799999998,3.2490421455938745,12.0,0.9447000000000001
P05,visual_only,fragile,4,1.0,1466.7764,0.374,3.5585,0.0,2.2445482866043602,6.0,0.06309999999999993
P05,visual_only,fragile,5,1.0,24195.2559,0.9842,3.7496,7128.6954000000005,,1.0,0.2887000000000004
P06,lra,deformable,1,,846.9039,0.2803,6.6263,0.0,0.639175257731958,20.0,0.14340000000000064
P06,lra,deformable,2,,715.9575,0.2392,3.828,5.833999999999946,0.031658331989030494,3.0,0.40059999999999985
P06,lra,deformable,3,,936.68,0.3482,2.4163,3.5273999999999432,0.22222222222222227,7.0,0.24009999999999998
P06,lra,deformable,4,,741.0669,0.2729,3.2891,42.224699999999984,0.08219286448856893,5.0,0.3356999999999992
P06,lra,deformable,5,,431.4547,0.3456,3.0813,31.376300000000015,0.1999666722212964,1.0,0.15969999999999995
P06,lra,fragile,1,1.0,3896.6802,0.6032,3.3562,3087.3841999999995,3.3136792452830135,8.0,1.0561999999999996
P06,lra,fragile,2,1.0,5274.0332,0.5814,3.8872,0.0,0.670013260087138,2.0,0.6089000000000002
P06,lra,fragile,3,1.0,23908.2461,0.9842,4.626,10313.522500000001,3.369992144540457,3.0,0.5927000000000007
P06,lra,fragile,4,1.0,11207.9062,0.9062,4.7574,0.0,1.7245908699397057,2.0,0.39979999999999993
P06,lra,fragile,5,1.0,29310.7559,0.9842,1.4292,11014.1875,7.199821587867983,5.0,0.6076000000000001
P06,tactiles,deformable,1,,222.9361,0.1632,3.8269,158.3942,,4.0,0.07969999999999988
P06,tactiles,deformable,2,,354.047,0.1736,6.1694,42.18890000000005,0.046826222684703406,6.0,0.12729999999999997
P06,tactiles,deformable,3,,956.8904,0.3444,4.293,32.62289999999996,0.5380536494073617,19.0,0.20779999999999976
P06,tactiles,deformable,4,,1125.7197,0.3813,4.0998,16.92360000000008,0.4111174350218175,5.0,0.25649999999999995
P06,tactiles,deformable,5,,543.9985,0.3632,3.4133,0.0,0.33949468085106377,6.0,0.4007999999999994
P06,tactiles,fragile,1,1.0,16269.6455,0.9842,4.2285,7230.7353,1.584542271135568,5.0,0.1440999999999999
P06,tactiles,fragile,2,0.0,25867.1211,0.9842,4.6867,7150.898400000002,,3.0,0.14459999999999962
P06,tactiles,fragile,3,1.0,23274.709,0.9842,6.2999,9765.0811,1.905651340996168,25.0,0.3036000000000003
P06,tactiles,fragile,4,1.0,10414.6572,0.7776,5.0285,135.1356999999989,0.497017892644135,3.0,0.3995999999999995
P06,tactiles,fragile,5,1.0,4190.522,0.662,5.6162,8.136700000000019,0.508462104488595,8.0,0.8644000000000007
P06,visual_only,deformable,1,,458.7764,0.2508,5.0225,1.6665000000000418,0.14804186360567198,4.0,0.39860000000000007
P06,visual_only,deformable,2,,169.1049,0.1785,2.9541,4.017699999999991,0.22278405710886387,8.0,0.5922000000000001
P06,visual_only,deformable,3,,217.8788,0.1783,3.2906,5.981100000000026,0.07271305707584058,8.0,0.7364999999999999
P06,visual_only,deformable,4,,79.8458,0.1626,5.5003,2.4757999999999925,,1.0,0.12819999999999965
P06,visual_only,deformable,5,,0.0,0.0,,,,,
P06,visual_only,fragile,1,1.0,23259.1875,0.9842,3.7732,11840.2715,3.4537366548042687,17.0,1.1360000000000001
P06,visual_only,fragile,2,1.0,17587.332,0.9842,3.0807,2493.710899999998,3.215361999264981,15.0,1.2641000000000004
P06,visual_only,fragile,3,1.0,25690.1016,0.9842,2.3414,123.57230000000345,3.4142581888246664,11.0,1.2802000000000002
P06,visual_only,fragile,4,1.0,73.9787,0.2038,2.4213,0.0,1.4616588419405359,2.0,0.06440000000000001
P06,visual_only,fragile,5,0.0,31101.9941,0.9842,2.0171,24517.7275,3.1193502824858768,9.0,0.5440999999999998
P07,lra,deformable,1,,9430.9482,0.7739,3.8882,0.0,0.44067553000359316,0.0,0.0799000000000003
P07,lra,deformable,2,,8686.0137,0.7793,6.6909,941.2143999999998,0.4162699822380107,14.0,1.1988000000000003
P07,lra,deformable,3,,12837.1504,0.8547,1.3539,836.4629000000004,2.752094972067039,7.0,1.0564999999999998
P07,lra,deformable,4,,12891.5762,0.8547,1.4205,1503.1034999999993,1.2768211920529802,17.0,1.4565000000000001
P07,lra,deformable,5,,11850.374,0.8493,2.1501,581.6600999999991,1.2804693414080242,48.0,4.752199999999999
P07,lra,fragile,1,1.0,30094.875,0.9842,3.2109,10776.654299999998,2.017445917655269,1.0,0.4643999999999999
P07,lra,fragile,2,1.0,28074.6543,0.9842,1.4192,1246.7362999999968,3.016146788990826,25.0,2.7350000000000003
P07,lra,fragile,3,1.0,12105.2881,0.8843,3.418,0.0,0.7308035714285717,18.0,1.6801000000000004
P07,lra,fragile,4,0.0,35402.5703,0.9842,1.7,8461.25,1.1510277033065217,7.0,0.12899999999999978
P07,lra,fragile,5,1.0,32882.4844,0.9842,3.0904,1572.5391000000018,2.2016546018614265,7.0,0.9425000000000003
P07,tactiles,deformable,1,,3523.0266,0.4441,5.2277,0.0,0.38565022421524664,2.0,0.07980000000000054
P07,tactiles,deformable,2,,1069.469,0.7618,2.5497,0.0,0.2346660608814175,6.0,0.43239999999999945
P07,tactiles,deformable,3,,1465.605,0.7954,2.3768,54.6717000000001,2.223482699943274,29.0,0.1278999999999999
P07,tactiles,deformable,4,,1425.7446,0.8217,2.209,220.10040000000004,1.761950286806883,29.0,3.2640999999999996
P07,tactiles,deformable,5,,1329.5002,0.8008,2.4859,59.2521999999999,1.9070796460177,29.0,3.4726000000000004
P07,tactiles,fragile,1,0.0,20456.5371,0.9842,7.4954,13842.1074,3.390015600624034,9.0,0.20800000000000018
P07,tactiles,fragile,2,0.0,27127.3809,0.9842,6.0829,1426.6542999999983,1.1186440677966114,1.0,0.15950000000000042
P07,tactiles,fragile,3,1.0,26813.7949,0.9842,2.8241,4389.152300000002,1.6553618794998102,1.0,0.04789999999999983
P07,tactiles,fragile,4,0.0,27278.8477,0.9842,3.8853,0.0,,0.0,0.12840000000000007
P07,tactiles,fragile,5,1.0,23790.5352,0.9842,3.0812,0.0,1.4313075506445667,2.0,0.33619999999999983
P07,visual_only,deformable,1,,9906.8906,0.8552,4.6929,1986.1445000000003,1.2727607136288386,1.0,0.2887000000000004
P07,visual_only,deformable,2,,1129.7332,0.3735,4.1523,0.0,0.33958122255994594,0.0,0.14539999999999953
P07,visual_only,deformable,3,,1784.4758,0.3917,3.2118,0.0,0.4323383995605204,0.0,0.19010000000000016
P07,visual_only,deformable,4,,12959.085,0.8143,3.294,60.313499999998385,0.4865190540744086,2.0,0.4639999999999995
P07,visual_only,deformable,5,,12173.583,0.8189,3.2327,748.5019000000011,0.8861269268157201,7.0,0.7991000000000001
P07,visual_only,fragile,1,0.0,35224.0391,0.9842,4.6352,15273.783200000002,,5.0,0.14449999999999985
P07,visual_only,fragile,2,0.0,30384.5293,0.9842,3.8939,7807.533199999998,10.481832543443932,5.0,0.14360000000000017
P07,visual_only,fragile,3,1.0,32427.4336,0.9842,3.6828,0.0,0.22805397362885435,12.0,0.06590000000000007
P07,visual_only,fragile,4,1.0,27457.3223,0.9842,3.8836,665.9805000000015,2.8854961832060986,25.0,2.656299999999999
P07,visual_only,fragile,5,0.0,40841.3555,0.9842,7.576,0.0,4.39447907390916,8.0,0.09609999999999985
P08,lra,deformable,1,,373.2216,0.1634,3.5663,101.22020000000003,,23.0,0.14449999999999985
P08,lra,deformable,2,,27.2924,0.1632,2.6919,19.5228,0.15015479876160973,13.0,0.06449999999999978
P08,lra,deformable,3,,533.2024,0.2107,1.5477,317.42600000000004,0.16256880733944948,9.0,0.0645
P08,lra,deformable,4,,2543.0498,0.5953,1.9519,553.5038999999997,5.690625000000014,5.0,0.12890000000000024
P08,lra,deformable,5,,1778.0847,0.8021,1.8866,0.0,1.861386138613862,4.0,0.4005000000000001
P08,lra,fragile,1,1.0,21658.8848,0.9842,2.7583,3512.2285999999986,4.159657320872286,5.0,0.6071
P08,lra,fragile,2,1.0,30099.8398,0.9842,1.7649,16265.332000000002,,5.0,0.8646000000000003
P08,lra,fragile,3,0.0,28327.9551,0.9842,1.2124,9411.9199,,7.0,0.9447000000000001
P08,lra,fragile,4,1.0,7908.2676,0.9842,1.8832,0.0,5.942142298670841,16.0,0.08000000000000007
P08,lra,fragile,5,1.0,11880.6523,0.9842,1.6129,0.0,5.577134986225896,0.0,0.19090000000000007
P08,tactiles,deformable,1,,229.7681,0.1632,2.4882,22.905599999999993,,4.0,0.12929999999999975
P08,tactiles,deformable,2,,1238.4863,0.4355,1.6189,0.0,1.238144867118291,4.0,0.08000000000000007
P08,tactiles,deformable,3,,1696.8624,0.374,1.7493,832.2284999999999,,3.0,0.19199999999999973
P08,tactiles,deformable,4,,806.1799,0.378,1.8756,0.0,0.31964285714285706,2.0,0.35199999999999987
P08,tactiles,deformable,5,,1499.6345,0.3748,1.6157,696.6572999999999,0.41194968553459055,5.0,0.5277000000000005
P08,tactiles,fragile,1,1.0,12597.6816,0.9842,1.5559,4624.7871,9.505477308294232,1.0,0.20850000000000013
P08,tactiles,fragile,2,1.0,12282.6416,0.9842,1.7466,4531.755900000001,4.218734910671172,5.0,0.20900000000000007
P08,tactiles,fragile,3,1.0,12245.8311,0.9842,1.6861,2981.493199999999,4.461218115564806,7.0,0.25649999999999995
P08,tactiles,fragile,4,0.0,29424.7383,0.9842,1.3467,8898.3125,3.4040561622464867,5.0,0.3205
P08,tactiles,fragile,5,1.0,37541.3398,0.9842,3.0851,12527.4238,4.14308093994778,5.0,0.12949999999999973
P08,visual_only,deformable,1,,0.1004,0.1004,3.1515,0.0,,0.0,0.06440000000000001
P08,visual_only,deformable,2,,0.0,0.0,,,,,
P08,visual_only,deformable,3,,152.0208,0.1665,1.5532,32.17450000000001,,3.0,0.22399999999999975
P08,visual_only,deformable,4,,0.0,0.0,,,,,
P08,visual_only,deformable,5,,0.0,0.0,,,,,
P08,visual_only,fragile,1,0.0,32329.0449,0.9842,1.8909,0.0,3.2051148225469728,0.0,0.3357999999999999
P08,visual_only,fragile,2,0.0,19014.7598,0.9842,1.4202,2637.1905000000006,0.3196060877350042,5.0,0.6706999999999999
P08,visual_only,fragile,3,0.0,29387.0957,0.9842,1.4939,21550.1299,,7.0,0.3839999999999999
P08,visual_only,fragile,4,0.0,27113.6016,0.9842,1.6097,16877.334000000003,,7.0,0.6724000000000001
P08,visual_only,fragile,5,1.0,21597.8281,0.9842,2.0795,10672.788999999999,5.750700280112034,13.0,1.7593999999999999
P09,lra,deformable,1,,150.6381,0.2504,4.4181,0.0,0.18793793793793795,2.0,0.1272000000000002
P09,lra,deformable,2,,296.3189,0.2274,3.8134,0.0,0.30384271671134966,6.0,0.14470000000000027
P09,lra,deformable,3,,74.2205,0.2085,5.815,0.0,0.18195157740278814,6.0,0.06329999999999991
P09,lra,deformable,4,,184.1056,0.2173,4.9536,0.0,0.28196147110332737,2.0,0.1266999999999996
P09,lra,deformable,5,,80.522,0.2183,4.5529,0.5046999999999997,0.22626977518734415,8.0,0.3511999999999995
P09,lra,fragile,1,1.0,7913.4331,0.9842,4.7558,0.0,2.017241379310345,2.0,0.6548999999999996
P09,lra,fragile,2,1.0,4594.7871,0.977,4.4249,0.0,2.126343090033347,12.0,1.2164000000000001
P09,lra,fragile,3,1.0,4379.5693,0.984,2.8886,0.0,0.4428349715468179,6.0,0.3355999999999999
P09,lra,fragile,4,1.0,1461.0321,0.5939,6.2277,477.0470999999999,1.461119751166402,5.0,0.06350000000000033
P09,lra,fragile,5,1.0,5147.5986,0.9842,10.843,115.3725000000004,4.5769031589849964,3.0,0.7510000000000012
P09,tactiles,deformable,1,,157.7041,0.2095,2.8231,0.0,0.04096916299559471,4.0,0.20879999999999965
P09,tactiles,deformable,2,,123.3801,0.1676,5.3121,62.9681,0.1399176954732524,25.0,0.3183000000000007
P09,tactiles,deformable,3,,169.3802,0.1632,2.2191,66.8446,0.7554858934169268,18.0,0.11230000000000029
P09,tactiles,deformable,4,,125.9262,0.215,3.4851,3.740399999999994,0.11375595088950143,8.0,0.3514999999999997
P09,tactiles,deformable,5,,72.76,0.1653,3.085,52.116800000000005,,17.0,0.2556999999999996
P09,tactiles,fragile,1,1.0,14195.7861,0.9842,3.0899,1952.1620999999996,2.3164754953076145,3.0,0.6720999999999995
P09,tactiles,fragile,2,1.0,3680.7551,0.9842,4.0131,0.0,2.2323269513991137,4.0,1.0079000000000002
P09,tactiles,fragile,3,1.0,9501.5938,0.9842,3.9557,0.0,0.9980009995002501,8.0,0.8956999999999997
P09,tactiles,fragile,4,1.0,6444.4814,0.9842,6.4242,367.0634,0.12210928757926137,5.0,0.12739999999999974
P09,tactiles,fragile,5,1.0,3954.9832,0.9842,5.4327,371.0496000000003,3.8214841722885247,11.0,1.0064000000000002
P09,visual_only,deformable,1,,246.6774,0.1662,4.6217,181.3687,,9.0,0.19179999999999975
P09,visual_only,deformable,2,,289.6194,0.1977,4.4942,12.167599999999993,0.06920022688598976,3.0,0.41609999999999925
P09,visual_only,deformable,3,,244.7499,0.1767,4.8895,34.049800000000005,0.04114621601763408,4.0,0.3357000000000001
P09,visual_only,deformable,4,,261.1246,0.1768,4.7604,0.0,0.018786836935167004,0.0,0.06490000000000062
P09,visual_only,deformable,5,,252.1239,0.1714,5.0828,136.52749999999997,0.08168498168498146,10.0,0.5135000000000005
P09,visual_only,fragile,1,1.0,14427.3223,0.9842,4.833,10450.9493,,9.0,1.5362
P09,visual_only,fragile,2,1.0,10378.792,0.9842,4.0826,5546.9424,2.7364771151178977,18.0,1.5358
P09,visual_only,fragile,3,1.0,12762.0752,0.9842,4.2923,4590.2822,,7.0,1.2006999999999994
P09,visual_only,fragile,4,1.0,4099.564,0.9842,3.3589,891.5450000000005,6.097560975609756,10.0,1.1517
P09,visual_only,fragile,5,0.0,17282.1055,0.9842,3.2272,543.0176000000029,2.8767624020887723,19.0,0.4003000000000001
P10,lra,deformable,1,,893.4824,0.3318,2.6818,0.0,0.48350226439508276,0.0,0.06390000000000029
P10,lra,deformable,2,,2044.5442,0.5962,1.6821,408.57370000000014,0.7648578811369503,1.0,0.22299999999999986
P10,lra,deformable,3,,934.8569,0.3774,1.2831,386.7835,0.6918271733472143,3.0,0.19200000000000017
P10,lra,deformable,4,,478.4165,0.3769,2.1526,298.8275,0.3463338533541351,5.0,0.06299999999999972
P10,lra,deformable,5,,163.44,0.3633,2.9494,0.0,0.44720379146919403,0.0,0.28800000000000026
P10,lra,fragile,1,1.0,11702.6602,0.901,5.2292,0.0,,34.0,3.7283999999999997
P10,lra,fragile,2,1.0,20601.041,0.969,2.7708,7331.283200000002,1.6776564936511469,1.0,0.12739999999999974
P10,lra,fragile,3,1.0,1199.2905,0.3779,5.7536,0.0,3.313271604938273,2.0,0.07960000000000012
P10,lra,fragile,4,1.0,9530.1719,0.7766,6.2892,1.1952999999994063,0.3423398482918997,5.0,0.12819999999999965
P10,lra,fragile,5,1.0,6603.9229,0.5961,3.2183,489.5761999999995,2.9689011748445093,1.0,0.25519999999999987
P10,tactiles,deformable,1,,992.9408,0.578,1.82,0.0,0.7774443610902726,0.0,0.19220000000000015
P10,tactiles,deformable,2,,809.7818,0.492,2.2891,0.0,0.9170579029733947,2.0,0.33630000000000004
P10,tactiles,deformable,3,,1013.0335,0.444,1.8891,0.0,0.2128032008002,0.0,0.40049999999999963
P10,tactiles,deformable,4,,840.7013,0.3832,2.3457,91.21089999999992,0.46375420067210776,1.0,0.14400000000000013
P10,tactiles,deformable,5,,478.8104,0.483,2.4218,13.295299999999997,0.48104624715693745,1.0,0.33630000000000004
P10,tactiles,fragile,1,1.0,20748.5137,0.9842,2.6825,6374.126,0.08034712146513728,13.0,0.08000000000000185
P10,tactiles,fragile,2,1.0,13339.585,0.9842,4.0913,544.0029999999988,0.08924237789334148,5.0,0.5288999999999984
P10,tactiles,fragile,3,1.0,777.3649,0.4073,2.7581,0.0,3.7335423197492372,6.0,0.8646000000000003
P10,tactiles,fragile,4,1.0,16921.7305,0.9188,1.021,0.0,0.12688993402986018,4.0,0.14340000000000064
P10,tactiles,fragile,5,0.0,29006.793,0.9842,2.6296,1878.6582000000017,0.11616455405094628,9.0,0.14320000000000022
P10,visual_only,deformable,1,,0.0,0.0,,,,,
P10,visual_only,deformable,2,,0.0,0.0,,,,,
P10,visual_only,deformable,3,,0.0,0.0,,,,,
P10,visual_only,deformable,4,,0.0,0.0,,,,,
P10,visual_only,deformable,5,,0.0,0.0,,,,,
P10,visual_only,fragile,1,1.0,11026.4658,0.6828,2.9461,19.264600000000428,1.534226190476191,11.0,1.2004000000000001
P10,visual_only,fragile,2,1.0,674.9783,0.1914,4.8242,0.0,,2.0,0.27170000000000005
P10,visual_only,fragile,3,1.0,13466.2949,0.7295,6.6281,0.0,2.4548076923076905,2.0,0.19200000000000017
P10,visual_only,fragile,4,1.0,13808.5654,0.7303,3.7633,165.52340000000004,1.7902973395931145,9.0,0.7999999999999998
P10,visual_only,fragile,5,1.0,11026.4658,0.6828,2.9461,19.264600000000428,1.534226190476191,11.0,1.2004000000000001
P11,lra,deformable,1,,2655.5503,0.7187,3.8196,323.50729999999976,0.44995544995544984,1.0,0.2875999999999994
P11,lra,deformable,2,,1918.4478,0.6536,3.0834,0.0,0.9167612561483164,0.0,0.14349999999999996
P11,lra,deformable,3,,879.6561,0.4997,2.2915,16.540100000000052,0.577293461733401,3.0,0.3993000000000002
P11,lra,deformable,4,,1437.26,0.5118,1.8762,178.30899999999997,0.4932321880113044,3.0,0.12869999999999981
P11,lra,deformable,5,,1543.7335,0.4922,1.5483,0.0,0.5479519657838461,0.0,0.2721999999999998
P11,lra,fragile,1,0.0,43781.0781,0.9842,3.2803,1272.5741999999955,2.964260929909787,1.0,0.25560000000000027
P11,lra,fragile,2,1.0,12415.9512,0.8053,4.494,998.4638999999988,0.7526652452025586,9.0,1.0713
P11,lra,fragile,3,1.0,4738.1631,0.7436,2.8247,0.0,1.042534205829864,10.0,1.3276000000000003
P11,lra,fragile,4,1.0,10404.0488,0.8048,3.8333,394.7011000000002,2.0404040404040367,7.0,1.0882
P11,lra,fragile,5,1.0,8619.5068,0.7353,3.0261,0.0,1.858667648141332,6.0,1.0075999999999996
P11,tactiles,deformable,1,,3.3073,0.1199,2.5551,0.0,0.020394289598912322,0.0,0.06349999999999989
P11,tactiles,deformable,2,,2212.8596,0.4142,4.1547,571.0629999999999,1.2921498661909026,3.0,0.3355000000000006
P11,tactiles,deformable,3,,740.7124,0.3136,3.4905,0.0,1.1812499999999986,2.0,0.25609999999999955
P11,tactiles,deformable,4,,670.1459,0.3403,2.8207,0.0,0.47152847152847166,0.0,0.12809999999999988
P11,tactiles,deformable,5,,1433.677,0.4619,3.297,80.56589999999983,1.635610766045555,3.0,0.35219999999999985
P11,tactiles,fragile,1,1.0,14635.6953,0.8194,4.6852,1712.125,2.0183220829315354,1.0,0.19100000000000072
P11,tactiles,fragile,2,1.0,4255.981,0.5765,3.3546,366.5859999999998,0.9683241252302022,1.0,0.2561
P11,tactiles,fragile,3,1.0,9662.3301,0.8077,2.3649,0.0,1.1485000000000003,0.0,0.12809999999999988
P11,tactiles,fragile,4,1.0,10501.9062,0.804,3.2896,436.72649999999885,1.2325231232523122,1.0,0.19130000000000003
P11,tactiles,fragile,5,1.0,8890.9355,0.7428,2.6359,161.3866999999991,0.8184322564487849,1.0,0.31869999999999976
P11,visual_only,deformable,1,,2664.9946,0.8537,2.5501,0.0,1.1374485596707822,2.0,0.46450000000000014
P11,visual_only,deformable,2,,2969.9924,0.7628,1.8996,540.3888999999999,2.2186520376175562,14.0,1.6648
P11,visual_only,deformable,3,,1666.2263,0.8033,1.6112,85.5784000000001,2.8967339097022102,9.0,1.0076
P11,visual_only,deformable,4,,3548.4429,0.8347,1.6079,91.90189999999984,1.195652173913044,11.0,1.1353000000000002
P11,visual_only,deformable,5,,3110.761,0.8175,2.0081,11.82589999999982,1.3026442307692312,3.0,0.19199999999999973
P11,visual_only,fragile,1,0.0,39449.957,0.9842,4.5543,2511.660100000001,1.8935474278917606,5.0,0.27149999999999963
P11,visual_only,fragile,2,0.0,48016.4336,0.9842,3.8191,14410.535199999998,3.550667714061273,3.0,0.7359999999999998
P11,visual_only,fragile,3,1.0,7772.7241,0.6478,4.0213,52.78030000000035,1.1963636363636367,7.0,0.8166000000000002
P11,visual_only,fragile,4,1.0,20296.4707,0.9723,3.4782,519.9297000000006,1.06346153846154,7.0,0.6728000000000001
P11,visual_only,fragile,5,1.0,19667.418,0.8552,4.3435,1937.6446000000033,1.6693459992692687,19.0,1.8697999999999997
P12,lra,deformable,1,,55.1152,0.1631,5.8318,8.461400000000005,0.0660326086956522,13.0,0.35240000000000027
P12,lra,deformable,2,,12.9355,0.1514,2.9418,0.0,,0.0,0.09629999999999983
P12,lra,deformable,3,,112.8463,0.163,3.9518,101.29599999999999,0.36850393700787426,6.0,0.2096
P12,lra,deformable,4,,191.8421,0.1977,4.0863,0.0,0.028515624999999975,4.0,0.3360000000000003
P12,lra,deformable,5,,156.0096,0.1701,3.0877,71.3867,0.020228025009194572,16.0,1.0713999999999997
P12,lra,fragile,1,1.0,5380.4746,0.7688,5.092,0.0,0.24622494142150475,2.0,0.14339999999999975
P12,lra,fragile,2,1.0,2781.7097,0.5374,4.9544,339.49530000000004,0.0815212606743551,4.0,0.1922000000000006
P12,lra,fragile,3,1.0,4091.1628,0.7709,2.3503,185.71280000000024,1.063191153238541,22.0,0.5924000000000005
P12,lra,fragile,4,1.0,10791.6934,0.9842,8.5671,0.0,0.17044854881266486,14.0,0.14359999999999928
P12,lra,fragile,5,1.0,3812.542,0.7687,10.0296,351.0942,0.4039693207875387,1.0,0.2878000000000007
P12,tactiles,deformable,1,,112.2517,0.1632,2.1037,31.305999999999997,,13.0,0.5117000000000003
P12,tactiles,deformable,2,,117.6901,0.2119,3.7424,4.179700000000011,0.11239470517448862,14.0,1.2144
P12,tactiles,deformable,3,,310.3535,0.2841,8.9047,11.136300000000006,0.5735140771637104,17.0,1.7431999999999999
P12,tactiles,deformable,4,,186.6294,0.1783,2.4796,25.251499999999993,0.02177722152690866,23.0,0.5115000000000003
P12,tactiles,deformable,5,,103.688,0.1632,2.342,53.0109,0.7304785894206536,17.0,0.6067000000000005
P12,tactiles,fragile,1,1.0,1332.9011,0.4969,4.158,75.60619999999994,1.8932190179267427,20.0,2.7517000000000005
P12,tactiles,fragile,2,1.0,5162.877,0.8539,3.5513,672.9981000000007,0.9836383207750276,15.0,0.06339999999999968
P12,tactiles,fragile,3,1.0,4026.4783,0.7138,3.1567,0.0,0.2823512524223068,8.0,1.2966000000000006
P12,tactiles,fragile,4,1.0,11137.625,0.8552,2.6208,2204.0380999999998,4.534542916957432,17.0,1.4069000000000003
P12,tactiles,fragile,5,1.0,1204.2644,0.4643,3.6907,26.639400000000023,1.439942112879884,22.0,0.5936999999999997
P12,visual_only,deformable,1,,246.488,0.2215,3.6143,5.63839999999999,0.058675373134328364,8.0,1.1366000000000005
P12,visual_only,deformable,2,,262.3163,0.2976,2.4882,25.18720000000002,0.34117647058823514,20.0,1.2336999999999994
P12,visual_only,deformable,3,,0.203,0.1022,5.6943,0.0,,0.0,0.06419999999999959
P12,visual_only,deformable,4,,217.9006,0.2943,2.8099,9.351200000000006,0.10532192035727574,19.0,1.3283000000000014
P12,visual_only,deformable,5,,204.2714,0.3871,2.7483,6.926400000000001,0.1419451236077153,10.0,1.1997
P12,visual_only,fragile,1,0.0,32069.7363,0.9842,5.6286,23475.256800000003,2.5499219968798643,7.0,0.1280000000000001
P12,visual_only,fragile,2,0.0,42077.793,0.9842,11.2223,29034.7578,,21.0,0.40089999999999826
P12,visual_only,fragile,3,1.0,7483.4414,0.9842,5.9029,1789.3418000000001,,35.0,0.27259999999999973
P12,visual_only,fragile,4,1.0,5595.3901,0.9842,5.8367,250.76710000000003,4.741406250000028,17.0,0.4007000000000005
P12,visual_only,fragile,5,1.0,0.0,0.0,,,,,
P13,lra,deformable,1,,290.0385,0.3064,2.4983,9.753800000000012,0.6763664962642544,1.0,0.3198000000000003
P13,lra,deformable,2,,285.7266,0.2072,1.8221,140.54370000000003,0.2282608695652172,3.0,0.06310000000000038
P13,lra,deformable,3,,296.7778,0.2218,1.7553,90.56730000000002,0.1786245906519797,1.0,0.06369999999999987
P13,lra,deformable,4,,578.4873,0.255,2.2187,4.691699999999969,0.12467532467532472,1.0,0.6080999999999999
P13,lra,deformable,5,,404.8509,0.2014,2.1583,83.32320000000004,0.3918495297805637,1.0,0.2734000000000001
P13,lra,fragile,1,0.0,29579.1309,0.9842,1.8821,2525.392599999999,,5.0,0.12870000000000004
P13,lra,fragile,2,1.0,10954.8301,0.7004,2.7463,0.0,1.3006714747575234,2.0,0.3336000000000001
P13,lra,fragile,3,0.0,15115.0391,0.9842,2.5531,0.0,2.047058823529413,0.0,0.20789999999999997
P13,lra,fragile,4,0.0,25241.9023,0.9842,3.6314,0.0,,0.0,0.12849999999999984
P13,lra,fragile,5,1.0,27835.5117,0.9842,2.7709,0.0,0.674624226348365,0.0,0.07869999999999999
P13,tactiles,deformable,1,,343.837,0.2342,3.034,5.019400000000019,0.1068416119962511,1.0,0.3195999999999999
P13,tactiles,deformable,2,,179.7265,0.1632,2.2965,0.0,,0.0,0.20860000000000012
P13,tactiles,deformable,3,,228.9479,0.1632,3.4815,0.0,0.4748743718592958,2.0,0.39959999999999996
P13,tactiles,deformable,4,,250.242,0.1632,2.8852,213.70329999999998,,1.0,0.19279999999999964
P13,tactiles,deformable,5,,183.5573,0.1631,2.683,3.747099999999989,,3.0,0.19120000000000026
P13,tactiles,fragile,1,1.0,14498.582,0.7726,5.6311,0.0,2.4185362265538837,0.0,0.06410000000000071
P13,tactiles,fragile,2,0.0,14514.0762,0.9842,3.2777,0.0,2.6414122839279144,2.0,0.2722000000000002
P13,tactiles,fragile,3,1.0,0.0,0.0,,,,,
P13,tactiles,fragile,4,1.0,0.0,0.0,,,,,
P13,tactiles,fragile,5,1.0,10290.1299,0.682,3.1579,0.0,0.6766091051805356,0.0,0.06479999999999997
P13,visual_only,deformable,1,,0.0,0.0,,,,,
P13,visual_only,deformable,2,,0.0,0.0,,,,,
P13,visual_only,deformable,3,,0.0,0.0,,,,,
P13,visual_only,deformable,4,,0.0,0.0,,,,,
P13,visual_only,deformable,5,,508.209,0.3814,2.222,38.078599999999994,0.5900029753049687,1.0,0.20789999999999997
P13,visual_only,fragile,1,0.0,22223.7773,0.947,2.4226,0.0,,0.0,0.12849999999999984
P13,visual_only,fragile,2,1.0,3038.981,0.5266,1.8797,5.425499999999829,1.091757387247276,2.0,0.40000000000000013
P13,visual_only,fragile,3,0.0,16631.5684,0.9842,2.0905,0.0,2.6808510638297864,0.0,0.1924999999999999
P13,visual_only,fragile,4,1.0,1036.0516,0.2229,3.1551,0.0,,0.0,0.06490000000000018
P13,visual_only,fragile,5,1.0,9291.7627,0.6233,2.2872,0.0,2.7836903939184463,0.0,0.2559999999999998
P14,lra,deformable,1,,1378.8481,0.3778,4.6308,460.68899999999996,1.172665623369849,9.0,0.9454000000000002
P14,lra,deformable,2,,1354.2946,0.378,2.7556,7.985400000000027,0.7468749999999995,11.0,1.0725000000000002
P14,lra,deformable,3,,806.1577,0.4394,2.5539,8.822099999999978,0.3455726239540402,8.0,0.6871000000000005
P14,lra,deformable,4,,1086.5011,0.3779,1.8808,779.5837999999999,0.479457079970653,9.0,0.7201999999999997
P14,lra,deformable,5,,302.7737,0.3571,2.4854,52.33020000000002,0.6692477876106186,7.0,0.2065999999999999
P14,lra,fragile,1,1.0,3115.4768,0.5398,4.6844,99.2451000000001,1.643391521197016,14.0,1.3915000000000006
P14,lra,fragile,2,1.0,26975.6328,0.9836,2.1432,0.0,2.10144230769231,10.0,1.0083000000000002
P14,lra,fragile,3,0.0,25325.3633,0.9842,2.4139,0.0,2.5914362176627987,4.0,0.11209999999999987
P14,lra,fragile,4,1.0,11378.001,0.7618,4.0909,53.91309999999976,1.1984496124031054,7.0,0.9277999999999995
P14,lra,fragile,5,1.0,12048.8682,0.755,3.0801,0.0,4.519999999999996,6.0,0.7995000000000001
P14,tactiles,deformable,1,,1439.4551,0.378,1.5784,406.17319999999995,0.2533748701973003,7.0,0.23950000000000027
P14,tactiles,deformable,2,,1570.4263,0.38,2.1554,184.2029,1.2145085803432172,12.0,1.0107000000000004
P14,tactiles,deformable,3,,1376.6466,0.3925,2.3013,200.16890000000012,3.5525773195876136,9.0,0.28549999999999986
P14,tactiles,deformable,4,,738.561,0.3779,1.8909,384.6292,2.5382165605095555,5.0,0.2708000000000004
P14,tactiles,deformable,5,,52.3744,0.163,1.6828,11.438299999999998,,8.0,0.08040000000000003
P14,tactiles,fragile,1,1.0,26592.1973,0.9817,3.1033,1233.2910999999986,1.497852401405701,5.0,0.4637000000000002
P14,tactiles,fragile,2,1.0,25367.7832,0.9832,3.0814,0.0,2.1308724832214754,4.0,0.19090000000000007
P14,tactiles,fragile,3,1.0,24999.7598,0.9627,2.3062,95.27539999999863,3.2923781757601,4.0,0.27139999999999986
P14,tactiles,fragile,4,1.0,30016.7207,0.9842,2.6196,351.6934000000001,3.941938579654516,3.0,0.44830000000000014
P14,tactiles,fragile,5,1.0,31367.0137,0.9842,2.1534,2850.699199999999,1.555408221254026,5.0,0.28790000000000004
P14,visual_only,deformable,1,,1716.6501,0.378,3.022,913.7936000000001,1.1412193850964019,19.0,1.1208
P14,visual_only,deformable,2,,1808.0828,0.4184,2.1434,0.0,0.7523413111342351,10.0,0.5441000000000003
P14,visual_only,deformable,3,,1746.8645,0.3779,3.7554,490.7747999999999,0.4347146207974972,6.0,0.3180999999999994
P14,visual_only,deformable,4,,1931.8857,0.378,2.1507,1009.8743000000001,0.06466876971608808,11.0,0.7833000000000001
P14,visual_only,deformable,5,,1925.9636,0.3982,2.2308,260.9945,3.713991769547327,9.0,0.8639000000000001
P14,visual_only,fragile,1,0.0,36127.6719,0.9842,1.892,0.0,2.391253416634127,20.0,0.6725000000000003
P14,visual_only,fragile,2,1.0,18631.9668,0.7815,4.8344,2910.282199999998,0.5245637042267726,17.0,2.2071999999999994
P14,visual_only,fragile,3,1.0,0.0,0.0,,,,,
P14,visual_only,fragile,4,0.0,19637.8906,0.9842,1.6159,0.0,2.6401985111662527,12.0,1.6636000000000002
P14,visual_only,fragile,5,1.0,25928.9648,0.9842,3.0227,5320.636700000003,0.541949152542373,3.0,0.06320000000000014
P15,lra,deformable,1,,1197.9718,0.4057,3.8214,362.8937000000001,1.4690587623504945,3.0,0.2077
P15,lra,deformable,2,,1190.4135,0.3731,2.953,14.73720000000003,0.34494773519163763,6.0,0.4642000000000004
P15,lra,deformable,3,,995.7688,0.375,2.7588,184.0023000000001,0.6198738170346991,5.0,0.3998999999999997
P15,lra,deformable,4,,1016.3574,0.3779,2.6808,129.414,1.8091024020227573,9.0,0.6561999999999997
P15,lra,deformable,5,,2086.2458,0.4333,2.5683,0.0,0.1083349599843841,0.0,0.14389999999999992
P15,lra,fragile,1,1.0,6337.8188,0.5905,5.2871,949.8774000000003,0.24864922131581726,5.0,0.33830000000000027
P15,lra,fragile,2,1.0,6824.1016,0.7489,2.7509,155.08299999999963,1.3300330033003305,4.0,0.38470000000000004
P15,lra,fragile,3,1.0,11373.5107,0.8226,3.6222,0.0,1.9272076372315037,0.0,0.14449999999999985
P15,lra,fragile,4,1.0,8588.5391,0.7771,3.4151,5220.843800000001,2.1666055045871526,3.0,0.7365000000000004
P15,lra,fragile,5,0.0,11817.5684,0.8552,3.3582,0.0,3.732240437158473,4.0,0.06349999999999989
P15,tactiles,deformable,1,,1392.9473,0.3779,2.6203,33.17679999999996,0.14067966016991498,1.0,0.20840000000000014
P15,tactiles,deformable,2,,649.2847,0.3172,2.3549,0.0,1.072916666666668,12.0,0.14460000000000006
P15,tactiles,deformable,3,,606.972,0.3772,1.8216,20.521099999999933,3.3950233281493105,12.0,0.4006000000000003
P15,tactiles,deformable,4,,663.2562,0.326,2.0993,113.60050000000001,0.8408115489660556,12.0,0.1437999999999997
P15,tactiles,deformable,5,,998.0527,0.3761,2.2826,0.0,4.16300940438871,8.0,0.0642999999999998
P15,tactiles,fragile,1,0.0,29716.7461,0.9842,1.3459,0.0,0.517852684144819,0.0,0.06349999999999989
P15,tactiles,fragile,2,0.0,25679.3477,0.9386,3.4929,0.0,3.7950138504155104,4.0,0.11189999999999989
P15,tactiles,fragile,3,0.0,19950.6855,0.9842,4.4914,0.0,,6.0,0.25560000000000027
P15,tactiles,fragile,4,1.0,13988.2441,0.9795,10.2449,0.0,1.1945864092371763,0.0,0.12750000000000128
P15,tactiles,fragile,5,0.0,24352.0,0.9842,6.9012,0.0,1.2749831195138428,2.0,0.08009999999999984
P15,visual_only,deformable,1,,1476.816,0.4218,3.1573,0.0,0.3331212892281595,0.0,0.1437999999999997
P15,visual_only,deformable,2,,2211.6819,0.3765,3.2954,860.5952,0.7789514866979647,7.0,0.23939999999999984
P15,visual_only,deformable,3,,2884.179,0.3937,3.3463,578.1626000000001,0.5756727664155005,1.0,0.2084999999999999
P15,visual_only,deformable,4,,1877.2234,0.5701,3.4962,28.497100000000046,0.42753935734310955,3.0,0.12799999999999923
P15,visual_only,deformable,5,,1895.0027,0.4441,3.1025,0.0,0.38048607833883913,2.0,0.14480000000000004
P15,visual_only,fragile,1,0.0,14809.459,0.9842,4.0271,440.85649999999987,2.4509101760668472,5.0,0.12890000000000068
P15,visual_only,fragile,2,0.0,13581.291,0.9842,6.0233,0.0,3.0499632623071293,10.0,0.1280000000000001
P15,visual_only,fragile,3,1.0,12571.0312,0.9842,4.6856,5282.8559,4.714064914992258,1.0,0.12739999999999974
P15,visual_only,fragile,4,0.0,7540.0771,0.9841,1.6226,418.97700000000077,3.660937499999996,3.0,0.4644999999999999
P15,visual_only,fragile,5,1.0,14385.1406,0.9842,3.0918,332.9961000000003,,1.0,0.1280000000000001
P16,lra,deformable,1,,3460.6145,0.767,2.6236,0.0,1.8462913315460248,2.0,0.1280000000000001
P16,lra,deformable,2,,978.6667,0.5042,3.361,0.0,0.2471247843588269,0.0,0.0647000000000002
P16,lra,deformable,3,,25.1506,0.1666,4.4423,2.0623000000000005,0.03835582208895554,13.0,0.23850000000000016
P16,lra,deformable,4,,792.8078,0.3926,3.9532,0.0,0.7405063291139224,4.0,0.06550000000000011
P16,lra,deformable,5,,335.0264,0.3685,3.1579,0.0,0.26750795816280143,6.0,0.27110000000000056
P16,lra,fragile,1,0.0,29573.8613,0.9842,4.435,19901.961900000002,,1.0,0.12790000000000035
P16,lra,fragile,2,1.0,28826.1113,0.9818,2.7567,3346.0488000000005,0.813559322033898,3.0,0.14380000000000015
P16,lra,fragile,3,1.0,27302.4355,0.9842,2.9539,17041.333,,5.0,0.2088000000000001
P16,lra,fragile,4,1.0,6653.5498,0.7971,2.9605,1.7763999999997395,5.253521126760576,2.0,0.3363999999999998
P16,lra,fragile,5,0.0,13448.5352,0.9842,2.4109,5125.8516,3.0474090407938257,1.0,0.0636000000000001
P16,tactiles,deformable,1,,1933.1975,0.5877,3.6142,0.0,0.2697389622945536,0.0,0.12809999999999988
P16,tactiles,deformable,2,,5.4164,0.1467,4.4829,1.6687000000000003,0.2767295597484273,9.0,0.06349999999999945
P16,tactiles,deformable,3,,0.0,0.0,,,,,
P16,tactiles,deformable,4,,0.0,0.0,,,,,
P16,tactiles,deformable,5,,946.2921,0.4461,3.1551,0.0,0.2146624472573839,8.0,0.14469999999999938
P16,tactiles,fragile,1,0.0,15690.3115,0.9842,4.9098,0.0,3.1743215031315204,0.0,0.048200000000000465
P16,tactiles,fragile,2,1.0,784.8676,0.3757,2.9554,0.0,0.25501185600344906,0.0,0.06450000000000022
P16,tactiles,fragile,3,0.0,20316.6094,0.9842,4.1548,14399.509800000002,2.9823468328141143,1.0,0.08000000000000007
P16,tactiles,fragile,4,0.0,17214.5586,0.9842,3.8118,162.27930000000197,4.187154696132596,1.0,0.19099999999999984
P16,tactiles,fragile,5,1.0,88.5904,0.2723,9.5847,10.872699999999995,0.25325690463783157,1.0,0.07950000000000124
P16,visual_only,deformable,1,,248.9446,0.2954,2.755,0.0,0.46464646464646364,2.0,0.08030000000000026
P16,visual_only,deformable,2,,122.3683,0.2259,4.227,12.600300000000004,0.5430359937402205,1.0,0.06479999999999997
P16,visual_only,deformable,3,,533.8176,0.3294,4.1486,0.0,0.34702815432742457,2.0,0.08000000000000007
P16,visual_only,deformable,4,,1.3245,0.1209,4.0886,0.0,,6.0,0.19280000000000097
P16,visual_only,deformable,5,,26.6656,0.1582,6.1622,0.0,0.42236024844720493,0.0,0.06400000000000006
P16,visual_only,fragile,1,1.0,0.0,0.0,,,,,
P16,visual_only,fragile,2,1.0,0.0,0.0,,,,,
P16,visual_only,fragile,3,1.0,4370.2285,0.6181,4.9517,0.0,,4.0,0.08040000000000003
P16,visual_only,fragile,4,1.0,1050.9519,0.4618,4.7656,0.0,,0.0,0.06430000000000025
P16,visual_only,fragile,5,1.0,34068.1367,0.9842,3.4976,13124.091800000002,2.8906551059730217,11.0,0.1271
P17,lra,deformable,1,,3759.1702,0.9842,6.4144,487.9445999999998,4.71464019851114,2.0,0.12729999999999997
P17,lra,deformable,2,,3578.0615,0.9646,3.4223,0.0,1.2048802261568214,8.0,0.4631999999999996
P17,lra,deformable,3,,9228.3682,0.9842,3.3659,5249.007800000001,1.9052576782925565,3.0,0.14440000000000008
P17,lra,deformable,4,,4520.7437,0.9842,5.8179,926.9497999999999,4.135322692574604,9.0,0.2710999999999997
P17,lra,deformable,5,,12850.7881,0.9842,2.8155,9120.055199999999,4.619531250000011,3.0,0.2084999999999999
P17,lra,fragile,1,1.0,2505.4778,0.3779,1.1644,1297.3916000000002,0.07122292828426922,3.0,0.4800000000000004
P17,lra,fragile,2,1.0,10926.2812,0.812,4.5578,826.9033,4.652806652806671,3.0,0.31899999999999995
P17,lra,fragile,3,1.0,21242.9824,0.9842,5.4238,1858.2324000000008,1.591104174795159,1.0,0.14399999999999924
P17,lra,fragile,4,1.0,8075.4863,0.6534,5.2315,0.0,4.318181818181782,0.0,0.08000000000000007
P17,lra,fragile,5,1.0,25174.0469,0.9842,5.0195,8301.8223,1.8676612127045258,1.0,0.14499999999999957
P17,tactiles,deformable,1,,1835.4956,0.6949,6.1613,0.0,1.7601880877742921,6.0,0.25649999999999995
P17,tactiles,deformable,2,,4043.7725,0.9841,4.7476,462.4142999999999,1.2988227146814397,9.0,1.2805
P17,tactiles,deformable,3,,4329.1777,0.9616,4.7636,689.5258000000003,1.2832796818784336,9.0,0.7036000000000007
P17,tactiles,deformable,4,,4140.8984,0.9663,4.1585,421.625,2.2444357672784068,6.0,0.7366999999999999
P17,tactiles,deformable,5,,4324.3633,0.9825,3.1755,10.754399999999805,3.1678998292544116,5.0,0.7365000000000004
P17,tactiles,fragile,1,1.0,5293.958,0.596,4.8817,0.0,3.4880803011292394,0.0,0.12869999999999937
P17,tactiles,fragile,2,1.0,10148.8779,0.7773,4.4905,0.0,4.630298818624033,2.0,0.4006999999999996
P17,tactiles,fragile,3,1.0,19500.2676,0.9842,14.8399,0.0,1.4178313253012078,8.0,0.7362000000000002
P17,tactiles,fragile,4,1.0,10892.4824,0.7781,6.1586,1407.613300000001,9.426791277258499,5.0,0.6718000000000002
P17,tactiles,fragile,5,1.0,11928.0684,0.7857,5.3645,633.8809000000001,0.8429463171036202,1.0,0.12700000000000067
P17,visual_only,deformable,1,,3974.0955,0.9833,3.558,904.3269,1.7893361212754835,13.0,1.0088
P17,visual_only,deformable,2,,4140.0327,0.9817,3.6998,769.2972999999997,4.136671883150757,12.0,0.7993999999999994
P17,visual_only,deformable,3,,4231.27,0.9788,2.8094,145.67380000000048,1.1495466032406723,20.0,1.5368000000000004
P17,visual_only,deformable,4,,4195.4717,0.9802,0.8177,574.5161000000003,0.4191547886971742,15.0,2.9919
P17,visual_only,deformable,5,,4418.6045,0.964,1.8143,413.99950000000035,0.5272621809744781,12.0,0.7201999999999997
P17,visual_only,fragile,1,0.0,20400.0801,0.9842,0.6877,2912.3593999999975,0.14786798524184172,5.0,0.14310000000000045
P17,visual_only,fragile,2,1.0,24756.9609,0.9842,11.1747,0.0,0.4756905386826643,10.0,0.06429999999999936
P17,visual_only,fragile,3,1.0,16024.2412,0.9842,7.1666,2268.5224,1.2895644674428632,9.0,0.2882000000000007
P17,visual_only,fragile,4,0.0,20300.0859,0.9842,6.022,2401.4960999999967,3.0965137614678904,3.0,0.06419999999999959
P17,visual_only,fragile,5,1.0,2310.6399,0.378,7.7655,0.0,,2.0,0.12789999999999946
P18,lra,deformable,1,,2532.0603,0.8154,3.816,0.0,0.2423828448418612,2.0,0.12809999999999988
P18,lra,deformable,2,,4033.7554,0.9842,6.1595,946.4018999999998,1.6706443914081173,14.0,1.0552000000000001
P18,lra,deformable,3,,4154.8955,0.9842,4.7635,943.6735999999996,0.4170330941911593,5.0,0.24100000000000055
P18,lra,deformable,4,,3834.3862,0.9841,3.2216,355.3199999999997,0.17589783071418863,13.0,0.8165999999999993
P18,lra,deformable,5,,4408.4951,0.9735,0.2168,958.9145000000003,0.2576969028581932,16.0,0.20779999999999976
P18,lra,fragile,1,1.0,13500.9502,0.9039,6.0912,20.120100000000093,0.3740962611030779,3.0,0.5927000000000007
P18,lra,fragile,2,0.0,25137.1738,0.9842,5.0212,5311.75,1.8816908454227117,11.0,0.4006999999999996
P18,lra,fragile,3,0.0,36056.9609,0.9842,7.8324,5283.400399999999,,13.0,0.1286000000000005
P18,lra,fragile,4,1.0,6969.0713,0.5962,6.8188,0.0,0.8873591989987545,12.0,1.1996000000000002
P18,lra,fragile,5,1.0,25705.7715,0.9842,6.2848,0.0,2.332860385925083,14.0,0.04760000000000009
P18,tactiles,deformable,1,,3344.6738,0.956,3.1552,140.17619999999988,1.3179148311306892,7.0,0.9919000000000002
P18,tactiles,deformable,2,,2433.9009,0.8873,4.4267,72.1582000000003,0.7039138490041688,29.0,3.0077
P18,tactiles,deformable,3,,3367.8599,0.9826,5.0193,25.888500000000022,0.5673264748014064,22.0,1.599899999999999
P18,tactiles,deformable,4,,2763.1396,0.9261,1.6853,0.0,0.11080300404390522,12.0,0.7978999999999998
P18,tactiles,deformable,5,,2150.0122,0.5897,7.2984,775.7830000000001,0.6169294852722403,21.0,0.4635000000000016
P18,tactiles,fragile,1,1.0,27861.7715,0.9842,11.095,8135.476599999998,0.14238232333871687,55.0,0.12780000000000058
P18,tactiles,fragile,2,1.0,9427.416,0.7091,5.7521,62.956999999998516,0.26160337552742624,7.0,0.6725000000000012
P18,tactiles,fragile,3,1.0,17798.9492,0.9166,7.237,18.802700000000186,1.962499999999999,16.0,1.3911999999999995
P18,tactiles,fragile,4,1.0,111.3024,0.1632,5.7633,72.1667,,17.0,0.06479999999999997
P18,tactiles,fragile,5,1.0,2745.0981,0.4026,2.6908,2159.7729,3.3877551020408,17.0,1.3909999999999996
P18,visual_only,deformable,1,,4235.5713,0.9834,3.3551,3.3871999999992113,0.13404053947472197,5.0,0.2721
P18,visual_only,deformable,2,,3186.4248,0.9587,6.2212,0.0,0.669026401265928,22.0,1.6153999999999993
P18,visual_only,deformable,3,,3664.6987,0.9732,3.8273,20.3112000000001,0.784213159869903,7.0,0.8002000000000002
P18,visual_only,deformable,4,,3088.0964,0.9095,4.684,0.0,1.3658827031854732,6.0,0.7368000000000006
P18,visual_only,deformable,5,,3382.7314,0.9293,4.8129,94.61840000000029,0.38137712570856946,9.0,0.8162000000000003
P18,visual_only,fragile,1,1.0,14759.3555,0.826,5.0228,0.0,0.17532596091297337,2.0,0.4634999999999998
P18,visual_only,fragile,2,1.0,19075.2539,0.9777,5.0915,0.0,0.6413373860182369,28.0,0.2727000000000004
P18,visual_only,fragile,3,1.0,18759.4531,0.9607,3.3569,0.0,0.5120862774265527,4.0,0.6722000000000001
P18,visual_only,fragile,4,0.0,26151.3457,0.9842,4.3659,2251.4395000000004,3.953271028037372,15.0,0.4790000000000001
P18,visual_only,fragile,5,1.0,13411.2842,0.7925,6.8206,0.0,0.5205399550037497,0.0,0.20860000000000056
P19,lra,deformable,1,,3446.4331,0.9717,2.8907,504.6885000000002,2.667620410109677,1.0,0.14370000000000038
P19,lra,deformable,2,,4164.7798,0.9838,0.0098,588.8179000000005,0.23673269748104667,26.0,0.27129999999999965
P19,lra,deformable,3,,3930.3855,0.9842,0.0136,510.30639999999994,0.2633449776306919,38.0,0.3203999999999998
P19,lra,deformable,4,,3188.2097,0.905,0.0055,16.13229999999976,0.2620699676681077,32.0,0.6720000000000002
P19,lra,deformable,5,,3621.5063,0.9835,0.0145,412.8330000000001,0.23560872624912035,38.0,0.46390000000000065
P19,lra,fragile,1,0.0,15993.8125,0.9842,2.0097,0.0,12.419504643962851,6.0,0.07889999999999997
P19,lra,fragile,2,0.0,29391.1426,0.9842,0.6166,0.0,0.5038128547675018,66.0,0.1280000000000001
P19,lra,fragile,3,1.0,30815.3711,0.9842,0.0104,0.0,0.25187959095491863,71.0,0.2078000000000002
P19,lra,fragile,4,1.0,18508.5781,0.8811,0.013,8.148399999998219,0.1805604326146499,54.0,0.3517999999999999
P19,lra,fragile,5,1.0,18528.0977,0.8552,3.6954,1103.7441999999974,1.5346724055475827,47.0,0.20609999999999973
P19,tactiles,deformable,1,,4059.001,0.9842,5.7622,945.6157000000003,4.250781249999997,7.0,0.49549999999999983
P19,tactiles,deformable,2,,3602.6138,0.9839,3.8238,151.29370000000017,3.8871554862194504,5.0,0.6718999999999999
P19,tactiles,deformable,3,,4511.1455,0.9842,2.8775,417.7113999999997,6.771144278606963,3.0,0.5285000000000002
P19,tactiles,deformable,4,,3292.1875,0.9831,3.4178,48.07569999999987,9.401250000000044,3.0,0.2562000000000002
P19,tactiles,deformable,5,,3973.5901,0.9842,3.0107,206.11889999999994,0.815230961298373,3.0,0.46359999999999957
P19,tactiles,fragile,1,0.0,18897.3906,0.9842,6.0981,0.0,1.9999999999999793,2.0,0.15949999999999953
P19,tactiles,fragile,2,1.0,22006.0684,0.9009,5.5639,0.0,2.518940787054068,0.0,0.06369999999999987
P19,tactiles,fragile,3,0.0,17501.7734,0.9842,2.4784,0.0,10.28947368421057,2.0,0.39990000000000014
P19,tactiles,fragile,4,0.0,32276.4629,0.9842,3.9578,1109.2128999999986,4.233055265901977,1.0,0.14399999999999924
P19,tactiles,fragile,5,1.0,28533.5918,0.9842,6.3613,642.2987999999968,3.198285936891308,1.0,0.14399999999999924
P19,visual_only,deformable,1,,5506.0815,0.9736,0.0055,66.76749999999993,0.2654944627938605,56.0,0.8639999999999999
P19,visual_only,deformable,2,,4795.9297,0.9842,0.0188,0.0,0.250663364585176,47.0,0.35299999999999976
P19,visual_only,deformable,3,,4395.2109,0.9616,0.0151,784.8429999999998,0.14733458344495043,22.0,0.4003999999999994
P19,visual_only,deformable,4,,3729.4878,0.9765,0.0045,435.71270000000004,0.2778383485971798,24.0,0.41679999999999984
P19,visual_only,deformable,5,,3764.7756,0.9231,0.0202,496.28189999999995,0.259817367452519,29.0,0.09660000000000002
P19,visual_only,fragile,1,0.0,27255.0625,0.9842,1.5457,0.0,,14.0,0.06469999999999998
P19,visual_only,fragile,2,0.0,20849.7285,0.9842,1.8241,0.0,11.77223088923556,12.0,0.09579999999999989
P19,visual_only,fragile,3,1.0,36300.168,0.9842,2.7691,32077.686599999997,,3.0,0.46440000000000037
P19,visual_only,fragile,4,0.0,31677.1992,0.9842,2.6245,22335.7344,,9.0,0.06440000000000001
P19,visual_only,fragile,5,0.0,24448.5898,0.9842,2.2233,0.0,7.587499999999993,12.0,0.7833000000000001
P20,lra,deformable,1,,507.5329,0.4253,4.2248,0.0,0.5322834645669338,4.0,0.6084000000000005
P20,lra,deformable,2,,1488.1421,0.7717,3.0814,138.78150000000005,1.563190773666507,5.0,0.5276000000000001
P20,lra,deformable,3,,1799.3325,0.7419,2.5463,0.0,1.1476671476671476,8.0,0.7361
P20,lra,deformable,4,,2106.7793,0.8986,2.0831,133.39290000000005,0.9517593643586834,3.0,0.2724000000000002
P20,lra,deformable,5,,2127.7927,0.9123,2.4131,28.19309999999996,0.6590658330268482,1.0,0.33610000000000007
P20,lra,fragile,1,1.0,5721.2764,0.9837,4.3615,36.25879999999961,0.45517724383148384,12.0,0.6723999999999997
P20,lra,fragile,2,1.0,29.2715,0.1524,3.3548,3.797600000000001,0.019265816193699555,4.0,0.12919999999999998
P20,lra,fragile,3,1.0,20308.4746,0.8039,3.6166,5358.453100000001,1.6544985250737472,11.0,1.1359
P20,lra,fragile,4,1.0,20791.3438,0.909,4.8216,41.20899999999892,0.8451056098114919,10.0,0.4631999999999996
P20,lra,fragile,5,0.0,27003.6172,0.9842,9.2969,0.0,1.5607758620689702,24.0,0.07970000000000077
P20,tactiles,deformable,1,,1647.4851,0.7647,3.4142,0.0,0.896890343698855,0.0,0.06370000000000076
P20,tactiles,deformable,2,,1098.7281,0.5955,2.3593,145.98300000000006,0.7220533603512332,1.0,0.0804999999999998
P20,tactiles,deformable,3,,1899.6681,0.7704,1.3414,38.51760000000013,0.5698780850431164,1.0,0.12810000000000032
P20,tactiles,deformable,4,,1208.6711,0.5574,2.0128,0.0,0.30751936047964,4.0,0.27170000000000005
P20,tactiles,deformable,5,,1455.0902,0.7787,3.9495,0.0,0.7427126710291485,2.0,0.14389999999999947
P20,tactiles,fragile,1,1.0,28012.9023,0.9842,6.289,2741.076100000002,0.49556083531324213,13.0,1.4087000000000005
P20,tactiles,fragile,2,1.0,413.9921,0.3464,6.0976,25.430499999999995,,16.0,0.926800000000001
P20,tactiles,fragile,3,1.0,17360.1797,0.8294,4.6269,0.0,0.38270089285714287,0.0,0.33509999999999973
P20,tactiles,fragile,4,1.0,8036.9873,0.6462,5.5589,12.756800000000112,0.7767441860465149,10.0,1.1523999999999992
P20,tactiles,fragile,5,1.0,14666.8613,0.7876,4.5507,1361.2920000000013,2.9352517985611524,9.0,0.9912000000000001
P20,visual_only,deformable,1,,1927.3105,0.7778,5.0152,14.029700000000048,0.6822235434007138,12.0,1.7596999999999987
P20,visual_only,deformable,2,,2180.5039,0.8982,2.8925,24.21199999999999,1.7386392166708513,7.0,1.0085000000000002
P20,visual_only,deformable,3,,2288.582,0.8147,1.6727,108.2487000000001,2.3005524861878466,16.0,1.4717000000000002
P20,visual_only,deformable,4,,2305.5874,0.9005,2.4908,136.05859999999984,1.5665316297912124,5.0,0.7357
P20,visual_only,deformable,5,,2297.9268,0.8906,2.0121,15.615300000000389,0.8356653766001789,2.0,0.8003
P20,visual_only,fragile,1,1.0,7875.8506,0.635,3.4914,176.58249999999953,2.0693430656934337,18.0,2.2074000000000003
P20,visual_only,fragile,2,1.0,19885.334,0.9842,1.9515,0.0,1.7175381536152114,6.0,0.7366999999999999
P20,visual_only,fragile,3,0.0,20162.209,0.9842,1.9479,8379.2393,3.7792145593869755,47.0,0.06380000000000008
P20,visual_only,fragile,4,0.0,22064.2051,0.9842,1.4215,1980.0917999999983,2.5214666248824824,19.0,0.14450000000000007
P20,visual_only,fragile,5,1.0,11595.4258,0.9766,8.1658,1598.4219000000012,0.9152111046847892,27.0,3.153699999999999
